"","-","A","C","D","E","F","G","H","I","K","L","M","N","P","Q","R","S","T","V","W","X","Y"
"1",-0.00755667506297229,0,0,0,0,0,0,0,0,0,0,0,0,0.00396175197476223,0,0,0.00359492308821012,0,0,0,0,0
"2",-0.00629722921914358,0,0,0,0,0,0,0,0.00270230613093347,0,0,0,0,0,0,0,0,0,0,0,0.00359492308821012,0
"3",-0.00503778337531486,0,-0.00125944584382872,0,0,0,0,0,0,0,0,0,0,0,0,0,0.00270230613093347,0,0,0,0.00359492308821012,0
"4",-0.00503778337531486,0,0,0,0,0,0,0,0,0,0,0,0,0.000733657773104079,0,0,-0.000366828886552054,-0.00125944584382872,0,0,0.00593040033259152,0
"5",-0.00503778337531486,0,0,0,0,0,0,0,-0.00467095448876276,0,0,0,0,0,0,0,0,0,0.00970873786407767,0,0,0
"6",-0.00503778337531486,-0.00125944584382872,0,-0.023587097405297,0.0343963219290309,0,-0.00125944584382872,0,0,-0.000183414443276027,0,0,0,0,0,0,0,0,0,0,-0.00306913501748551,0
"7",-0.00503778337531486,0,0,0,0,0,0,0,0,0,0,0,0,0.00107603140055269,0,0,0,0.00774008950624827,0,0,-0.00377833753148615,0
"8",-0.00503778337531486,0,0,0,0,0,0,0,-0.00629722921914358,0,0,0,0,0,0,0,0,0,0.0113350125944585,0,0,0
"9",-0.00503778337531486,0,0,0,0,0,0,0,0,0,0,0,0,0.000183414443276075,0,0,0,0,0,0,0.00485436893203883,0
"10",-0.00503778337531486,0,0,0,0,0,0,0,0,0,0,0,0,0,0,0,0,0,0.00629722921914355,0,-0.00125944584382872,0
"11",0.00107603140055269,0,0,0,-0.00125944584382872,0,0,0,0,0.00398620723386567,0,0,-0.00125944584382872,0,0.00359492308821012,0.00430412560221075,-0.00125944584382872,0.00485436893203883,0,0,-0.0140373187253919,0
"12",-0.00377833753148615,0,0,0,0,0,0,0,0,0,0.00503778337531491,0,0,0,0,0,0,0,0,0,-0.00125944584382872,0
"13",-0.00377833753148615,0,0,0,0,0,0,0,0,0.00774008950624827,0,0,-0.00251889168765743,0,0,0,0,0,0,0,-0.00144286028710474,0
"14",-0.00377833753148615,0,0,0,0,0,0,0,0,0,0,0,0,-0.00107603140055268,0,0,0,0,0,0,0.00485436893203883,0
"15",-0.00377833753148615,0,0,0,0,0,0.00377833753148615,0,0,0,0,0,0,0,0,0,0,0,0,0,0,0
"16",-0.00377833753148615,0,0,0,0,0,0,0,0,0,0,0.00144286028710472,0,0,0,0,0,0,0.00485436893203883,0,-0.00251889168765743,0
"17",-0.00377833753148615,0,0,0.00755667506297231,0,0,0,0,0,0,0,0,0,0,0,0,0,0,0,0,-0.00377833753148615,0
"18",-0.00377833753148615,0,0,0,0,0,0.00503778337531491,0,0,0,0,0,0,0,0,0,0,0,0,0,-0.00125944584382872,0
"19",-0.00377833753148615,0,0,0,0,0,0,0,0,0,0,0,0,0.00503778337531491,0,0,0,0,0,0,-0.00125944584382872,0
"20",-0.00377833753148615,0,0,0,0,0,0,0,0,-0.0138905871707711,0,0,0,0,0,0.0117629796287692,0,0,0,0,0.00590594507348805,0
"21",-0.00377833753148615,0,0,0,0,0,0,0,-0.00540461226186691,0,0,0,0,0,0,0,0,0,0.0118852559242866,0,-0.00270230613093346,0
"22",-0.00377833753148615,0,0,0,0,0,0,0,0,0.0138539042821159,0,0,-0.00125944584382872,0,0,-0.00251889168765743,0,0,0,0,-0.00629722921914358,0
"23",-0.00377833753148615,0,0,0,0,0,0,0,0,0,0,0,0,0,0.00377833753148615,0,0,0,0,0,0,0
"24",-0.00377833753148615,0,0,0,0,0,0,0,0,0,0,0,0,0,0,0,0,0,0,0.00270230613093347,0.00107603140055269,0
"25",-0.00377833753148615,0,0,0,0,0,0,0,0,0,0,0,0,0.00503778337531491,0,0,0,0,0,0,-0.00125944584382872,0
"26",-0.00377833753148615,0,0,0,0,0,0,0,0,0,0.00503778337531491,0,0,0,0,0,0,0,0,0,-0.00125944584382872,0
"27",-0.00251889168765743,0,0,0,0,0,0,0,0,0,0,0,0,-0.00125944584382872,0,0,-0.000366828886552054,0.00540461226186695,0,0,-0.00125944584382872,0
"28",0.0023354772443814,0.00844929202024895,0,0,-0.00663960284659215,0,0.00485436893203883,0,0,-0.0100755667506297,0,0,0,0,0,0,0,0,0,0,0.00107603140055269,0
"29",-0.00251889168765743,0,0,0,-0.00593040033259151,0,0,0,0,0,0,0,0,0,0,0,0,0,0.00485436893203883,0,0.00359492308821012,0
"30",-0.00125944584382872,0,0,0,0,0,0,0,0,-0.00233547724438143,0,0,0,0,0,0,0,0,0,0,0.00359492308821012,0
"31",-0.00125944584382872,0,0,0,0,0,0,0,0.00432858086131427,0,0.00952532342080164,0,0,0,0,0,0,0,-0.00251889168765743,0,-0.0100755667506297,0
"32",-0.00125944584382872,0,0,0,-0.00755667506297229,0,-0.00125944584382872,0,-0.00125944584382872,0.0152967645692206,0,0,-0.00377833753148615,0,0,0,0,0,0,0,-0.000183414443276027,0
"33",-0.00125944584382872,0.0100755667506297,-0.00125944584382872,0,0,0,-0.00251889168765743,0,0,0,0,0,0,0,0,0,0,0,-0.00251889168765743,0,-0.00251889168765743,0
"34",-0.00125944584382872,0,0,0,0,0,0,0,-0.00251889168765743,0,0.00629722921914355,0,0,0,0,0,0,-0.00125944584382872,0,0,-0.00125944584382872,0
"35",-0.00125944584382872,-0.00125944584382872,0,0,-0.00125944584382872,0,0,0,-0.0202000440194664,0.00593040033259152,0.0039372967156587,-0.0223276515614683,0,0,0.00970873786407767,-0.00144286028710474,0,0.00572253063021202,0.0327333643099949,0,-0.0102834364530092,0
"36",0,-0.00125944584382872,0,-0.00144286028710474,0.00414516641803819,0,0,0,0,0,0,0,-0.00125944584382872,0,0,0,0,0,0,0,-0.000183414443276027,0
"37",0,0,0,0,0,-0.00125944584382872,0,0,0.00503778337531491,0,-0.00125944584382872,0,0,0,0,0,0,0,0,0,-0.00251889168765743,0
"38",-0.00125944584382872,0,0.00125944584382875,0,0,0,0,0,0,0,0,0,0,0,0,0,0,0,0,0,0,0
"39",0,-0.0169719498178083,0,-0.00251889168765743,-0.00251889168765743,0,0,0,0,-0.00629722921914358,-0.00125944584382872,0,0.00341150864493409,0.00485436893203883,0,0,-0.00270230613093346,0.0285392873737497,0,0,-0.00453645056369373,0
"40",0,-0.00125944584382872,0,-0.00251889168765743,-0.000525788070724564,-0.00755667506297229,0,0,0,0,0,0,0,0,0,0,0,0,-0.00125944584382872,0,0.0131202465090118,0
"41",0,0,0,0,0,0,0,0,0,0,-0.268592110733413,0.233559952067692,0,0,0,0,0,0,0,0,0.0350321586657211,0
"42",0,0,0,0,0.00377833753148615,0,0,0,0,0,0,0,0,0,0,0,0,0,0,0,-0.00377833753148615,0
"43",0,0.00359492308821012,0,0,-0.0591939546599496,0,0,0,0,0.127778728815632,0,-0.00125944584382872,-0.0163727959697733,0,-0.0347386955564794,-0.00125944584382872,0,0,0,0,-0.0185493140299821,0
"44",0,-0.0100755667506297,0,-0.0734146878286175,0.103115600009782,0,0,0,0,0,0,0,0,0,0,0,0,0,0,0,-0.0196253454305348,0
"45",0,0,0,0,0,0,0.0025188916876574,0,0,0,0,0,0,0,0,0,0,0,0,0,-0.00251889168765743,0
"46",0,0,0,0,0,0,0,0,0,0.00125944584382875,0,0,0,0,0,0,0,0,0,0,-0.00125944584382872,0
"47",0,0,0,0,0,0,0,0,0,0,0,0,0,0,0,0,0,0,0,0,0,0
"48",0,0,0,0,-0.00251889168765743,0,0,0,0,0,0,0,0,0,0,0,0.00577144114841899,-0.00810691839280037,0,0,0.00485436893203883,0
"49",0,0,0,0,0.00359492308821012,0,0,0,0,-0.0132547504340809,0,0,0,0,0,0.0129123768066323,0,0,0,0,-0.00325254946076154,0
"50",0,0,0,0,0,0,0,0,-0.0154557237533931,0,0,0,0,0,0,0,0,0,0.0143796923528405,0,0.00107603140055269,0
"51",0,0,0,0,0,0,0,0,0,0,0,0,0,0,0,0,0,0,0,0,0,0
"52",0,0,0,0,0,0,0,-0.00125944584382872,0,0,0,0,0,0.0025188916876574,0,0,0,0,-0.00125944584382872,0,0,0
"53",0,0,0,-0.00629722921914358,0.00396175197476223,0,0,0,0,0,0,0,0,0,0,0,0,0,0,0,0.0023354772443814,0
"54",0,0,0,0,0,0,0,0,0,0,0,0,0.00125944584382875,0,0,0,0,0,0,0,-0.00125944584382872,0
"55",0,0,0,0,0,0,0,0,0,0,0,0,0,0,0,0,0,0,0,0,0,0
"56",0,0,0,0,0,0,0,-0.00125944584382872,0,0,0,0,0,0,0,0,0,0,0,0,0.00359492308821012,-0.00233547724438143
"57",0,0,0,0,0,0,0,0,0,0,0,0,0,0,0,0,0,0,0,0,0,0
"58",0,0,0,0,0,0,0,0,0,0,0,0,0,0,0,0,0,0,0,0,0,0
"59",0,0,0,0,0,0,0,0,0,0,0,0,0,0,0,0,0,0,0,0,0,0
"60",0,0,0,0,0,0,0,0,0.0319141131300286,0,0,0,0,0,0,0,0,0,-0.0182191680320853,0,-0.0136949450979433,0
"61",0,0,0,0,0,0.00125944584382875,0,0,0,0,0,0,0,0,0,0,0,0,0,0,-0.00125944584382872,0
"62",0,0.0108092245237338,0,0,0,0,0,0,0,0,0,0,0,0,0,0,0,-0.00125944584382872,-0.0104423956371818,0,0.000892616957276661,0
"63",0,0,0,0,0,0,0,0,0,0,0,0,0,0,0,0,0,0,0,0,0,0
"64",0,0,0,0,0,0,0,-0.00396175197476217,0,0.0117262967401139,0,0,0.00341150864493409,0,0,-0.0127778728815632,0,0,0,0,0.00412071115893473,-0.00251889168765743
"65",0,0,0,0,0,0,0,0,0,0.00540461226186695,0,0,0,0,0,-0.0064806436624196,0,0,0,0,0.00107603140055269,0
"66",0,0,0,0,0,0,0,0,0,0.00377833753148615,0,0,0,0,0,0,0,0,0,0,-0.00377833753148615,0
"67",0.00485436893203883,0,0,0.011445061260424,-0.00144286028710474,0,0.00412071115893473,0,-0.00125944584382872,0,0,0,-0.0095864615685603,0,0,0,-0.00125944584382872,0,0,0,-0.00687192780807513,0
"68",0,0,0,0,0,0,0.00482991367293536,0,0,0,0,0,-0.00125944584382872,0,0,0,-0.0197353940965004,-0.00125944584382872,0,0,0.0125700031791837,0.00485436893203883
"69",0,0.00485436893203883,0,-0.0388838619745176,-0.00125944584382872,0,0.00485436893203883,0,0,0,0,0,0.00427967034310728,0,0,0,0.0161649262673938,-0.00239661539214009,0,0,0.0123865887359077,0
"70",0,0,0,0,0,0,0.0023354772443814,0,0,-0.0927465701499108,0,0,0,0,-0.00125944584382872,0.0836125308747646,0.00485436893203883,0.0023354772443814,0,0,0.000868161698173192,0
"71",0,0,0,0,0,0,0,0,0,0,0,0,0,0,0,0,0,0,0,0.0025188916876574,-0.00251889168765743,0
"72",0,0,0,0,0,0,0,0,0,0,0,0,0,0,0,-0.00593040033259151,0,0,0,0,0.00593040033259152,0
"73",0,0,0,0,0,0,0,0,0,0,0,0,0,0,0,0,0,0,0,0,0,0
"74",0,0,0,0,0,0,0,0,0.0104179403780783,0,-0.00890171431366316,0,0,0,0,0,0,0,0.0181091193661197,0,-0.0196253454305348,0
"75",0,0.00485436893203883,0,0,0,0,0,0,0.00448754004548678,0,0,-0.00288572057420949,0,0,0,0,0,0.00322809420165807,-0.0177667457386711,0,0.0080824631336969,0
"76",0,0,0,0.0025188916876574,0,0,0,0,0,0,0,0,0,0,0,0,0,0,0,0,-0.00251889168765743,0
"77",0,0,0,0,0,0.00648064366241963,0,0,0,0,-0.00396175197476217,0,0,0,0,0,0,0,0,0,-0.00251889168765743,0
"78",0,0,0,0,0,0,0,0,0,0,0,0,0,0,0,0.00125944584382875,0,0,0,0,-0.00125944584382872,0
"79",0,0,0,0,0.00125944584382875,0,0,0,0,0,0,0,0,0,0,0,0,0,0,0,-0.00125944584382872,0
"80",0,0,0,0,0,0,0,0,0,0,0.00125944584382875,0,0,0,0,0,0,0,0,0,-0.00125944584382872,0
"81",0,0,0,0,0,0,0,0,0,0,0,0,0,0,0,0,0,0,0,0,0,0
"82",0,0,0,0,0,0,0,0,0,-0.00341150864493411,0,0,0,0,0,0.00107603140055269,0,0,0,0,0.0023354772443814,0
"83",0,0,0,0,0,0,0,0,0,0.0322564867574772,0,0,0,0,0,-0.0300799686972684,0,0,0,0,-0.00217651806020885,0
"84",0,0,0,0,0,0,0,0,0,0,0,0,0,0,0,0,0,0,0,0,0,0
"85",0,0,0,0,0,0,0,0,0,0,0,0,0,0,-0.00485436893203883,0,0,0,0,0,0.00485436893203883,0
"86",0,0,0,0.00270230613093347,0.00107603140055269,0,0,0,0,0,0,0,-0.00125944584382872,0,0,0,-0.00125944584382872,0,0,0,-0.00125944584382872,0
"87",0,0,0,0,0,-0.00359492308821008,0,0,0,0,0,0,0,0,0,0,0,0,0,0,0.00359492308821012,0
"88",0,0,0.00593040033259152,0,0,0,0,0,0,0,0,0,0,0,0,0,0,0,0,-0.00215206280110536,-0.00377833753148615,0
"89",0,0,0,0,0,0,0,0,0,0,0,0,0,0,0,0,0,0,0,0,0,0
"90",0,0,0,0,0,0,0,0,0.0107603140055269,0,0,0,0,0,0,0,0,0,-0.0177667457386711,0,0.00700643173314421,0
"91",0,0,0,0,0,0,0,0,0,0,0,0,0,0,0.00125944584382875,0,0,0,0,0,-0.00125944584382872,0
"92",0,0,0,0,0,0,0,0,0,0,0,0,0,0,0,0,0,0,0,0,0,0
"93",0,0,0,0,0,0,0,0,0,0,0,0,0,0,0,0,0,0,0,0,0,0
"94",0,0,0,0,0,0,0,0,-0.00485436893203883,0,0,0,0,0,0,0,0,0,0,0,0.00485436893203883,0
"95",0,0,0,0,0,0,0,0,0,0,0,0,0,0,0,0,0,0,0,0,0,0
"96",0,0,0,0,0,0,0,0.00125944584382875,0,0,0,0,0,0,0,0,0,0,0,0,-0.00125944584382872,0
"97",0,0,0,0,0,0,0,0,0,0,0,0,0,0,0,0,0,0,0,0,0,0
"98",0,-0.000269007850138281,0,0,0,0,-0.0131447017681152,0,0,0,0,0,0,0,0,0,-0.00904844586828397,0,0,0,0.0224621554865374,0
"99",0,0,0,0,0,0,0,0,0,0,0,0,0,0,0,0,0,0,0,0,0,0
"100",0,0,0,0,0,0,0,0,-0.000366828886552054,0,0.00180968917365676,0,0,0,0,0,0,0,0,0,-0.00144286028710474,0
"101",0,0,0,0,0.0190506468416033,0,0,0.00359492308821012,0,-0.0256657944290919,0,0,-0.00251889168765743,0.00107603140055269,0.011677386221907,-0.00396175197476217,0,0,0,0,-0.00325254946076154,0
"102",0,0,0,0,-0.00125944584382872,0,0,0,0,0.0160548776014282,0,-0.00251889168765743,-0.00251889168765743,0,0.0039372967156587,0.0154557237533932,0,0,0,0,-0.0291506688513365,0
"103",0,0,0,0,0,0,0,0,0,0.0247854051013671,0,0,-0.00550243329828082,0,-0.00125944584382872,-0.0129612873248392,0.00467095448876281,0,0,0,-0.00973319312318114,0
"104",0,0,0,0,0,0,0,0,0,-0.008583795945318,0,0,0.00519674255948742,0,-0.00377833753148615,0.011677386221907,0,0,0,0,-0.00451199530459025,0
"105",0,0.00485436893203883,0,0,0,0,0,0,0,0,0,0,0,0,0,0,-0.00359492308821008,0,0,0,-0.00125944584382872,0
"106",0,-0.00396175197476217,0,0,0,0,0,0,0.011677386221907,0,-0.00125944584382872,-0.00377833753148615,0,0,0,0,0,0,-0.00860825120442155,0,0.00593040033259152,0
"107",0,0.00485436893203883,0,0,0,0,0,0,0,0,0,0,0,0.0023354772443814,0,0,-0.00125944584382872,-0.00574698588931544,0,0,-0.000183414443276027,0
"108",0,0,0,0,0,0,0,0,0.011677386221907,0,0,0,0,0,0,0,0,0,-0.0197598493556039,0,0.0080824631336969,0
"109",0,0,0,0,0,0,0,0,-0.00251889168765743,0,0.000183414443276075,-0.00125944584382872,0,0,0,0,0,0,0,0,0.00359492308821012,0
"110",0,0,0,0,0,0,0,0,0,0,0,0,0,0,0,0,0,0,0,0,0,0
"111",0,0,0,0,0,0,0,0,-0.00755667506297229,0,0,0,0,0,0,0,0,0,0.0113350125944585,0,-0.00377833753148615,0
"112",0,0,0,0,0,0,0,0,0,0,0,0,0,0,0,0,0,0,0,0,0,0
"113",0,0,0,0.00125944584382875,0,0,0,0,0,0,0,0,0,0,0,0,0,0,0,0,-0.00125944584382872,0
"114",0,0,0,0,0,0,0,0,0,0,0,0,0,0,0,0,0,0,0,0,0,0
"115",0,0,0,0,0,-0.00144286028710474,0,0,0,0,0,0,0,0,0,0,0,0,0,0,-0.00377833753148615,0.00522119781859087
"116",0,0,0,0,0,-0.00934190897752563,0,0,0,0,0,0,0,0,0,0,0,0,0,0,0,0.00934190897752562
"117",0,0,0,0,0,0,0,0,0,0,0,0,0,0,0,0,0,0,0,0,0,0
"118",0,0,0,0,0,0,0,0,-0.174170355334915,0,0,0,0,0,0,0,0,0,0.200092929984593,0,-0.0259225746496784,0
"119",0,0,0,0,0,0,0,-0.00125944584382872,0,0,0,0,0,0.00125944584382875,0,0,0,0,0,0,0,0
"120",0,0,0,0,0,0,0,0,0,0,0.00125944584382875,0,0,0,0,0,0,0,-0.00125944584382872,0,0,0
"121",0,0,-0.00251889168765743,0.0189161429165342,0,0,0,0.00538015700276344,0,0,0,0,0,0,0,0,0,0,0,0,-0.0064806436624196,-0.0152967645692206
"122",0,0,0,0,-0.0858379594531804,0,0,0,0,0.100291017583331,0,0,0,-0.0160304223423247,-0.00629722921914358,0.00970873786407767,0,0,-0.00377833753148615,0,0.00194419309872588,0
"123",0,0,0,-0.0604167176151231,0.0541683989141865,0,-0.00125944584382872,0,0,-0.00125944584382872,0,0,-0.00577144114841897,0,0,0,0.00952532342080164,0,0,0,0.00501332811621139,0
"124",0,0,0,0,0,-0.00485436893203883,0,0,0,0,0.00485436893203883,0,0,0,0,0,0,0,0,0,0,0
"125",0,0,0,0,0.00485436893203883,0,0,0,0,0,0,0,0,0,0,-0.00485436893203883,0,0,0,0,0,0
"126",0,0,0,0,0,0,0,0,0,-0.00359492308821008,0,0,0.00485436893203883,0,0,0,0,0,0,0,-0.00125944584382872,0
"127",0,0,0,0,0,0,0,0,0,0,0,0,0,0,0,0,0,0,0,0,-0.00125944584382872,0.00125944584382875
"128",0,0,0,0,0,0,0,0,0,0,0,0,0,-0.00125944584382872,0,0,0,0.00377833753148615,0,0,-0.00251889168765743,0
"129",0,0.00125944584382875,0,0,0,0,0,0,0,0,0,0,0,0,0,0,0,0,0,0,-0.00125944584382872,0
"130",0,0,0,0,0,0.00125944584382875,0,0,0,0,0,0,0,0,0,0,0,0,0,0,-0.00125944584382872,0
"131",0,0,0,0,0,0,0,0,0,0,0,0,0,-0.00125944584382872,0,0,0,0.0025188916876574,0,0,-0.00125944584382872,0
"132",0,0,0,0,0,0,0,0,0.00144286028710472,0,0,0,0,0,0,0,0,0,0.00485436893203883,0,-0.00629722921914358,0
"133",0,0,0,0,0,0,0,0,0,0,0,0,0,0.0025188916876574,0,-0.00125944584382872,0,0,0,0,-0.00125944584382872,0
"134",0,0,0,0,0,0,0,0,0,0,0,0,0,0,0,-0.00125944584382872,0.00270230613093347,0,0,0,-0.00144286028710474,0
"135",0,-0.00125944584382872,0,0,0,0,0,0,-0.0577510943728449,0.00718984617642024,0.0391773250837593,0.00322809420165807,0,0,0,0.00341150864493409,0,0.027512166491404,-0.0167885353745323,0,-0.00471986500696975,0
"136",0,0,0,0,0,0,0,0,0,0,0,0,-0.00826587757697295,0,0,0,0,0,0,0,0.00826587757697293,0
"137",0,0,0,0,0,0,0,0.00359492308821012,0,0,0,0,0.00144286028710472,0,0,0,-0.00125944584382872,0,0,0,-0.00377833753148615,0
"138",0,0.00915849453424959,0,0,-0.0193930204690519,0,-0.00125944584382872,0,0,0.00359492308821012,0,0,0,0,-0.00629722921914358,0,0,0,0,0,0.0141962779095645,0
"139",0,-0.00125944584382872,0,0,0,0,0,0,-0.00125944584382872,0.00593040033259152,0,0.00467095448876281,0,0,0,-0.00377833753148615,0.00485436893203883,-0.0138294490230124,0,0,0.00467095448876281,0
"140",0,0,0,0,0,0,0,0,0,0,0,0,0,0.00377833753148615,0,0,0,0,0,0,-0.00377833753148615,0
"141",0,0,0,0,0,0,0.00125944584382875,0,0,0,0,0,0,0,0,0,0,0,0,0,-0.00125944584382872,0
"142",0,0,0,0,0,0,0,0,0.0358880927343426,0,-0.00125944584382872,0,0,0,0,0,0,-0.00540461226186691,-0.0135604411728742,0,-0.0156635934557727,0
"143",0,0,0,0,0,0,0,0,0,0,0,0,0,0,0,0.00881612090680106,-0.00125944584382872,0,0,0,-0.00755667506297229,0
"144",0,0,0,0,0,0,0,0,0,0,0,0,0,0,0,0,0,0,0,0,-0.00144286028710474,0.00144286028710472
"145",0,0,-0.00125944584382872,0,0,0,0,-0.00125944584382872,0,-0.00125944584382872,0,-0.00125944584382872,0,0,0.00755667506297231,0,0,0,0,0,-0.00251889168765743,0
"146",0,0,0,0,0,0,0,0,0,0,0,0,0,0,0,0,0,0,0,0,-0.000183414443276027,0.000183414443276075
"147",0,0,0,0,0,0,0,0,0,0,0,0,0.00377833753148615,0,0,0,0,0,0,0,-0.00377833753148615,0
"148",0,0,0,0,0,0,0,0,0,0,0,0,0,0,0,0,0,0,0.0025188916876574,0,-0.00251889168765743,0
"149",0,0,0,0,0,0,0,0,0,0,-0.00107603140055268,0,0,0,0,0,0,0,0,0,0.00107603140055269,0
"150",0,0,0,0,0,0,0,0,0,0,0,0,0,0.0025188916876574,0,0,0,0,0,0,-0.00251889168765743,0
"151",0,0,0,0,0,0,0,0,0,0,0,0.0080824631336969,0,0,-0.00915849453424955,0,0,0,0,0,0.00107603140055269,0
"152",0,0,0,0,-0.00125944584382872,0,0.0025188916876574,0,0,0,0,0,0,0,0,0,0,0,0,0,-0.00125944584382872,0
"153",0,0,0,0,0,0,0,0,0,0,0,0,0,0,0,0,0,0,0,0.00377833753148615,-0.00377833753148615,0
"154",0,0,0,0,0,0,0,0,0,0.00270230613093347,0,0,0,0,0,0,0,0,0,0,-0.00270230613093346,0
"155",0,0,0,0,0,0,0.00125944584382875,0,0,0,0,0,0,0,0,0,0,0,0,0,-0.00125944584382872,0
"156",0,0,0,0,0,0,0,0,0,0,0,0,0,0,0,0,0.0025188916876574,0,0,0,-0.00251889168765743,0
"157",0,0,0,0,0,0,0,0,0,0,0,0,0,0.00125944584382875,0,0,0,0,0,0,-0.00125944584382872,0
"158",0,-0.00194419309872584,0,0,0,0,0,0,0,0,0,0,0,0,0,0,0.00860825120442151,-0.00125944584382872,0,0,-0.00540461226186691,0
"159",0,0,0,0,0,0,0,0,0.000183414443276075,0,-0.00251889168765743,0,0,0,0,0,0,0,0,0,0.0023354772443814,0
"160",0,0,0,0,0,0.0025188916876574,0,0,0,0,0,0,0,0,0,0,0,0,0,0,-0.00251889168765743,0
"161",0,0,0,0,0,0,0,0,0,-0.00125944584382872,0,0,0,0,0.00377833753148615,0,0,0,0,0,-0.00251889168765743,0
"162",0,-0.0135115306546673,-0.00689638306717859,-0.0188916876574307,0,0,0,0.0023354772443814,0,0,0,0,0.00359492308821012,0,0,0,0.0458291555599031,-0.00503778337531486,0,-0.00125944584382872,-0.0246631288058497,0.0185004035117752
"163",0,0,0,0,0,0,0,0,0,0,0,0,0,0,0,0,-0.00341150864493411,-0.00125944584382872,0,0,0.00467095448876281,0
"164",0,0,0,0,0,0,0,0,0,0,0,0.00125944584382875,0,0,0,0,0,0,0,0,-0.00125944584382872,0
"165",0,0,0,0,0,0,0,0,-0.00774008950624832,0,0.00107603140055269,0,0,0,-0.00125944584382872,0,0,-0.0003423736274486,0,0,0.00826587757697293,0
"166",0,0,0,0,0,0,0,0,0,-0.00855934068621456,0,0,-0.00125944584382872,0,0.00485436893203883,-0.0124599545132181,0,0.0023354772443814,0,0,0.0150888948668411,0
"167",0,0,0,0,0,0,0,0,-0.0156391381966692,0,0,0,0,0,0,0,0,0,-0.00125944584382872,0,0.0168985840404979,0
"168",0,0,0,0,0,0,0,0,0,0,0.00125944584382875,0,0,0,0,0,0,0,0,0,-0.00125944584382872,0
"169",0,0,0,0.0161404710082903,-0.0157736421217383,0,-0.00125944584382872,0,0,-0.00251889168765743,0,0,0,0,0,0,0,0,0,0,0.00341150864493409,0
"170",0,0,0,0,0,0,0,0,0,0,0,0,0,0.0025188916876574,0,0,-0.00125944584382872,0,0,0,-0.00125944584382872,0
"171",0,0,0,0,0,0.00125944584382875,0,0,0,0,0,0,0,0,0,0,0,0,0,0,-0.00125944584382872,0
"172",0,0,0,0,0,0,0,0,0,-0.00251889168765743,0,0,0,0,0,0.00881612090680106,0,0,0,0,-0.00629722921914358,0
"173",0,-0.00251889168765743,0,0,0.00682301728986818,0,0,0,0,-0.0414883470690371,0,0,0.00341150864493409,0,-0.00270230613093346,0.0106013548213543,0.00485436893203883,0.0106013548213543,0,0,0.0104179403780783,0
"174",0,0,0,0,0,0,0,0.000892616957276661,0,-0.00199310361693282,0.00485436893203883,0,0.00485436893203883,0,-0.0161404710082903,0.0154557237533932,0,0,0,0,-0.00792350394952435,0
"175",0,0,0,0,0,0,0,0.00107603140055269,0,0,0,0,0.0104423956371817,0,0,0,0,0,0,0,-0.00125944584382872,-0.0102589811939057
"176",0,0,0,0,0,0,0,0,0,-0.00251889168765743,0,0,0,0.00881612090680106,-0.00125944584382872,0,0,-0.00251889168765743,0,0,-0.00251889168765743,0
"177",0,0,0,0.00825364994742117,0.0115551099263897,0,-0.00396175197476217,0,0,0,0,0,-0.00270230613093346,0,0,0,0,0,0,0,-0.0131447017681152,0
"178",0,0,0,0,0,0,0,0,0.0256535667995402,0,-0.0300677410677166,0.0109192731896994,0,0,0,0,0,0,0.00215206280110538,0,-0.00865716172262845,0
"179",0,0,0,0.00934190897752562,0.00467095448876281,-0.00125944584382872,0,0,-0.023403682962021,0,0,0,0,0,0,0,0,-0.00125944584382872,0.0153456750874276,0,-0.00343596390403756,0
"180",0,0,0,0,0,-0.00125944584382872,0,0,0.00270230613093347,0,0,0,0,0,0,0,0,0,-0.00251889168765743,0,0.00107603140055269,0
"181",0,0,-0.000415739404759002,0,0,0,0,0,0.00359492308821012,0,0,0,0,0,0,0,0,0,0.00359492308821012,0,-0.00451199530459025,-0.00226211146707089
"182",0,0,0,0,0,0,0,0,0,0,0,0,0,0,0,0,0,0,0,0,0,0
"183",0,0,0,0,0,0,0,0,0,0,0,0,0,0,0,0,0,0,0,0,-0.00251889168765743,0.0025188916876574
"184",0,-0.00125944584382872,0,0,0,0,0,0,-0.0064806436624196,0,-0.00125944584382872,0.0341884522266513,0,0,0,0,0,0,-0.028759384705681,0,0.00357046782910665,0
"185",0,0,0,0.00125944584382875,0,0,0,0,0,0,0,0,0,0,0,0,0,0,0,0,-0.00125944584382872,0
"186",0,0,0,0.00125944584382875,0,0,0,0,0,0,0,0,0,0,0,0,0,0,0,0,-0.00125944584382872,0
"187",0,0,0,0,0,0,0,0,0,0,0,0,0,0,0,0,0,0,0,0,0,0
"188",0,0,0,0,0,0,0,0.00485436893203883,0,0,-0.0144041476119439,0,0,0,0,0,0,0,0,0,0.00107603140055269,0.00847374727935246
"189",0,0,0,0,0,0,0,0,0.00107603140055269,0,0,0,0,0,0,0,0,0,0.00899953535007703,0,-0.0100755667506297,0
"190",0,0.0156146829375657,0,0,-0.00125944584382872,0,-0.00121053532562176,0,0,0,0,0,0,0,0,0,-0.0125944584382872,0,0,0,-0.000550243329828079,0
"191",0,0,0,0,0,0,0,0,0,0,0,0,0,0,0,0,-0.00359492308821008,0,0,0,0.00359492308821012,0
"192",0,0,0,-0.00593040033259151,0.00485436893203883,0,0,0,0,0,0,0,-0.00125944584382872,0,0,0,0,0,0,0,0.0023354772443814,0
"193",0,0,0,0,0,0,0,0,0,0,0,0,0,0,0,0,0,0,0,0,0,0
"194",-0.00125944584382872,-0.00125944584382872,0,0.0023354772443814,-0.00700643173314419,0,0,0,0,0.00485436893203883,0,0,0,0,0,0,0,0,0,0,0.0023354772443814,0
"195",-0.00125944584382872,0,0,0,0,0,0,0,0.0115184270377344,-0.00125944584382872,-0.00629722921914358,-0.00125944584382872,0,0,0,0,0,0.00485436893203883,0,0,-0.00629722921914358,0
"196",-0.00125944584382872,0,0,-0.00629722921914358,-0.00534347411410824,0,0.0102222983052506,0,0,-0.00251889168765743,0,0,0,0,0,0,0,0,0,0,0.00519674255948742,0
"197",-0.00125944584382872,0,0,0,0.00196864835782935,0,0,-0.00377833753148615,0,-0.0064806436624196,0,0,0,0.00107603140055269,0.011542882296838,-0.00251889168765743,0,0,-0.00125944584382872,0,0.000709202514000636,0
"198",-0.00125944584382872,0,0,0,0,0,0,-0.00359492308821008,0,0,0,0,0,0,0,0,0,0,0,0,0.00485436893203883,0
"199",-0.00125944584382872,0,0,0,0,0,0,0,0,0,0,0,0,0,0,0.00503778337531491,0,0,0,0,-0.00377833753148615,0
"200",-0.00251889168765743,0.0558191289036707,0,0,0.0104179403780783,0,0,0,-0.00524565307769436,0.0023354772443814,0,0,0,0,0,-0.00125944584382872,-0.00503778337531486,-0.0262282653884718,-0.00125944584382872,0,-0.0270230613093346,0
"201",-0.00251889168765743,0,0,0,0,0,0,0,-0.00125944584382872,0.00522119781859087,0,0,0,0,0,-0.00125944584382872,0,0,0,0,-0.000183414443276027,0
"202",-0.00251889168765743,0,0,0,0,0,0,0,0.0203834584627425,0,0,0,0,0,0,0,0,0,-0.0245041696216771,0,0.00663960284659216,0
"203",-0.00251889168765743,0,0,0.00178523391455332,0.0403511775207258,0,0,0,0,-0.00758113032207576,0,0,0,0,-0.00251889168765743,0,0,0,-0.00629722921914358,0,-0.023220268518745,0
"204",0.0023354772443814,0,0,-0.00251889168765743,0.0178156562568781,0,0,0,0,-0.00377833753148615,0,0,0,0,-0.00629722921914358,0,0,0,0,0,-0.00755667506297229,0
"205",-0.00251889168765743,0,0,0,0,0,0,0,0,0,0.00377833753148615,0,0,0,0,0,0,0,0,0,-0.00125944584382872,0
"206",-0.00251889168765743,0,0,0,0,0,0,0,0,0,0,0,0,0,0,0.0025188916876574,0,0,0,0,0,0
"207",-0.00251889168765743,0.00826587757697293,0,-0.00774008950624832,0.0246998116945049,0,0.00970873786407767,-0.00522119781859089,0,-0.0102589811939057,0,0,-0.00629722921914358,0,0.0129490596952875,0.00341150864493409,0,-0.00125944584382872,0,0,-0.0257391602064024,0
"208",-0.00251889168765743,0,0,0,0,0,0,0.0320608446846494,0,0,0,0,0,0,0,0,0,0,0,0,-0.0169230392996014,-0.0126189136973906
"209",-0.00251889168765743,0,0,0,0,0,0,0,0,0,0.0025188916876574,0,0,0,0,0,0,0,0,0,0,0
"210",-0.00251889168765743,0,0,0,0,0.000892616957276661,-0.00125944584382872,0,0,0,0.263114132694236,0,0,0,0,0,0.00107603140055269,0,0,-0.235198454427625,-0.0261059890929544,0
"211",-0.00251889168765743,-0.0064806436624196,0,-0.00377833753148615,-0.00755667506297229,0,-0.00522119781859089,0,0,-0.037159766207723,0,0,-0.00629722921914358,0,0.0177912009977746,0.0741238903426182,-0.0064806436624196,-0.00396175197476217,0,0,-0.0124599545132181,0
"212",-0.00251889168765743,0,0,0,0,0,0,0,0,0,0,0,0,0,0,0,0,0,0,-0.00233547724438143,0.00485436893203883,0
"213",-0.00251889168765743,0,0,0,0,0,-0.00233547724438143,0,0,0,0,0,0,0,0,0,0,0,0,0,0.00485436893203883,0
"214",-0.00251889168765743,0,0,0,0,-0.0620919028637108,0,0,0,0,0.0549265119463941,0,0,0,0,0,0,0,0,0,0.0096842826049742,0
"215",-0.00251889168765743,0,-0.00629722921914358,-0.00251889168765743,-0.00251889168765743,0.0483113643589054,0,0,0.00952532342080164,0,0,0,0,0,0,0,-0.00125944584382872,0.179709471521851,-0.00125944584382872,0,0.0229634882981585,-0.244136851629943
"216",-0.00251889168765743,0,0,0,0,0,0,0,0,0,0,0,0,0,0,0,0,0.0025188916876574,0,0,0,0
"217",-0.00251889168765743,0,0,0,0,0,0,0,0,0,0,0,0,0.0025188916876574,0,0,0,0,0,0,0,0
"218",-0.00251889168765743,0,0,-0.0508302560465628,0.043114621799418,0,0,0,0,0,0,0,0,0,0,0,0,0,0,0,0.0102345259348023,0
"219",-0.00251889168765743,0,0,-0.00125944584382872,0.0255068352449194,0,0,0,0,-0.0580567851116383,0,0,-0.00899953535007703,0,0.0780978699469321,-0.0140373187253919,0,0,0,0,-0.0187327284732582,0
"220",0.00107603140055269,0,0,0,0,0,0,0,0,0.00288572057420944,0,0,0,0,0,0,0,0,0,0,-0.00396175197476217,0
"221",0.00107603140055269,0,0,0,0,0,0,-0.00950086816169815,0,0,0,0,0,0,0,0,0,0,0,0,0.00915849453424959,-0.000733657773104107
"222",0.00107603140055269,0,0,0,0,0,0,0,0,0,0,0,0,0,0.000183414443276075,-0.00125944584382872,0,0,0,0,0,0
"223",0.00107603140055269,0,0,0,-0.000366828886552054,0,0,0,0,0.00272676139003691,0,0,0,0,-0.0151133501259446,0,0,-0.00125944584382872,0,0,0.0129368320657357,0
"224",0.00107603140055269,0,0,0.00107603140055269,-0.00070920251400064,0,0,0,0,0,0,0,0,0,0,0,0,0,0,0,-0.00144286028710474,0
"225",-0.000183414443276027,0,0,0,0,0,0,0.0240884302169182,0,0,0,0,0,-0.0212027096427087,0,0,0,0,0,0,-0.00270230613093346,0
"226",-0.000183414443276027,0,0,0,0,0,0,0,0,0,0,0,0,0.000183414443276075,0,0,0,0,0,0,0,0
"227",-0.000183414443276027,0,0,0,0,0.00558802670514291,0,0,0,0,-0.00522119781859089,0,0,0,0,0,0,0,0,0,-0.000183414443276027,0
"228",-0.000183414443276027,0,0,0,0,0,0,0.0148810251644616,0,0,0.000807023550414621,0,0,0,-0.00251889168765743,-0.00199310361693282,0,0,0,0,-0.00973319312318114,-0.00125944584382872
"229",-0.000183414443276027,0,0,0,0,0,0,0,0,0,0,0,0,0,0,0,0,0,0,0.000183414443276075,0,0
"230",-0.000183414443276027,0,0,0,0,0,0,0,0,0,-0.000183414443276027,0.00432858086131427,0,0,0,0,0,0,0,0,-0.00396175197476217,0
"231",-0.00270230613093346,0,0,0,0,0,0.00396175197476223,0,0,0,0,0,0,0,0,0,0,0,0,0,-0.00125944584382872,0
"232",-0.00522119781859089,0,0,0,0,0,0,0.0023354772443814,0,0,0,0,0,0,0,0,0,0,0,0,-0.00251889168765743,0.00540461226186695
"233",-0.00522119781859089,0,0,0,0.00522119781859087,0,0,0,0,0,0,0,0,0,0,0,0,0,0,0,0,0
"234",-0.00522119781859089,0,0,0,0,0,0,0,-0.00125944584382872,0,0.00666405810569559,0,0,0,0,0,0,0,0,0,-0.000183414443276027,0
"235",-0.00522119781859089,0,0,0,0,0,0,0.00036682888655204,0,0,0,0,0,0,0,0,0,0,0,0,0.00485436893203883,0
"236",-0.0064806436624196,0,0,0,0,0,0,0,0,0,-0.00125944584382872,0,0,0.00899953535007703,0,0,0,0,0,0,-0.00125944584382872,0
"237",-0.0064806436624196,0,0,0.00558802670514291,-0.00251889168765743,0,0,0,0,0,0,0,0,0,0,0,0,0,0,0,0.00341150864493409,0
"238",-0.0064806436624196,0,0,0,0,0,0,0,0,-0.00141840502800128,0,0,0,0,0,0.00485436893203883,0,-0.00162627473038077,0,0,0.00467095448876281,0
"239",-0.0064806436624196,0,0,0,0,0,0,0,0,0,0,0,0,0,0,0,0,0,0,0.00288572057420944,0.00359492308821012,0
"240",-0.00288572057420949,0.00485436893203883,0,0,0,0,0,0,0,-0.00125944584382872,0,0,0,0,0,0,0,-0.00789904869042091,0,0,0.00718984617642024,0
"241",-0.00288572057420949,0,0,0,0,0,0,0,-0.00503778337531486,0,0,-0.00251889168765743,0,0,0,0,0,0,0.00577144114841899,0,0.00467095448876281,0
"242",-0.0041451664180382,0,0,0,0,0,0,-0.00125944584382872,0,0,-0.00377833753148615,0,0,0,0.00558802670514291,0,0,0,0,0,0.00359492308821012,0
"243",-0.0041451664180382,0,0,0,0,0,0,0.00485436893203883,0,0,0,0,0,-0.00412071115893475,0,0,0.00718984617642024,0,0,0,-0.00377833753148615,0
"244",-0.0041451664180382,0,0,0,0,0,0,0,-0.002861265315106,0,0,0,0,0,0,0,0,0,-0.00144286028710474,0,0.00844929202024895,0
"245",-0.00666405810569563,-0.00125944584382872,0,0,0.0184759482526717,0,0,0,-0.0064806436624196,0.0148810251644616,-0.000183414443276027,0.00517228730038394,-0.00125944584382872,0,0.0165317551539459,-0.00377833753148615,0.00485436893203883,-0.00506223863441833,-0.0263872245726443,0,-0.00884057616590448,0
"246",-0.00666405810569563,0,0,0,0,0,0,0,0,0,0.00666405810569559,0,0,0,0,0,0,0,0,0,0,0
"247",-0.00666405810569563,0,0,0,0,0,0,0,0,0,0,0,0,0.00666405810569559,0,0,0,0,0,0,0,0
"248",-0.00792350394952435,0,0,0.0190261915824998,-0.0222298305250543,0,0,0,0,0,0,0,0.0253478760607469,0,-0.00251889168765743,0,0,0,-0.00251889168765743,0,-0.00918294979335306,0
"249",-0.00918294979335306,0,0,0,0,0,0,0,0,0.0108092245237338,0,0,0,0,-0.00396175197476217,0,0,0,0,0,0.0023354772443814,0
"250",-0.0154801790124966,0.00485436893203883,0,0.00238438776258842,0.00375388227238268,0,0,0,0,0,0,0,0.00485436893203883,0,0,0,-0.00125944584382872,0,0,0,0.000892616957276661,0
"251",0.00874275512949059,0,0.00485436893203883,-0.00125944584382872,0,0,0,0.00485436893203883,0.00700643173314421,0,0,0,-0.00251889168765743,0,0,0,-0.0164583893766355,0.0023354772443814,-0.00251889168765743,0,-0.00503778337531486,0
"252",0.00370497175417574,0,0,0,0,0,0,0,0,0,0,0,0,0,0,0,0,0,0,-0.00370497175417572,0,0
"253",0.00837592624293855,0,0,0,0,0,0,0,0,0,0,0,0,0,0,0,0,-0.00819251179966252,0,0,-0.000183414443276027,0
"254",0.00585703455528112,0,0,0,0,0,0,0,0,0,0,0,0,0,0,0,0,0,-0.00207869702379493,0,-0.00377833753148615,0
"255",0.0117874348878726,0,0,0,0,0,0,0,0,0,0,0,-0.0117874348878726,0,0,0,0,0,0,0,0,0
"256",0.0105279890440439,0,0,-0.00674965151255769,0,0,0,0,0,0,0,0,0,0,0,0,0,0,0,0,-0.00377833753148615,0
"257",0.00926854320021521,0,0,0,0,0,0,0,-0.0200533124648457,0,0.00718984617642024,0,0,0,0,0,0,0,0,0,0.00359492308821012,0
"258",0.00423075982490034,0,0,0,0,0,0,0,0,0,0,0,0,0,-0.00297131398107153,0,0,0,0,0,-0.00125944584382872,0
"259",0.00152845369396688,0,0,0,0,0,0,0,0,-0.00368051649507228,0,0,0,0,0,0,0,0,0,0,0.00215206280110538,0
"260",-0.00476877552517668,0,0,0,0,0,0,0,-0.00125944584382872,0,0.00980655890049154,0,0,0,0,0,0,0,0,0,-0.00377833753148615,0
"261",-0.00854711305666284,0,0,0,0,0,0,0,0.00359492308821012,0,0,0,0,0,0,0,0,0,0.0074710816561101,0,-0.00251889168765743,0
"262",-0.0137683108752537,0,0,0,-0.00125944584382872,0,0.00783791054266214,0,0,0,0,0,0,0,0,0,0,0,0,0,0.00718984617642024,0
"263",-0.0152111711623585,0,0,0,0,0,0,0,0,0.0103568022303195,0,0,0,0,0,0,0,0,0,0,0.00485436893203883,0
"264",-0.0164706170061872,0,0,0,0,0,0,0,0,0,0.0177300628500159,0,0,0,0,0,0,0,0,0,-0.00125944584382872,0
"265",-0.00928077082976694,0,0,0,0,0,0,0,0,0,0,0,0.00605267662810882,0,0,0,-0.00125944584382872,0,0,0,0.00448754004548678,0
"266",-0.00442640189772811,0,0.00485436893203883,0,0,0,0,0,0,0,0,0,0,0,0,0,0,0,0,0.000831478809517949,-0.00125944584382872,0
"267",0.00276344427869216,-0.00276344427869213,0,0,0,0,0,0,0,0,0,0,0,0,0,0,0,0,0,0,0,0
"268",0.00132058399158741,0,0,0,0,0,0,0,0,0,0,0,0,0,0,0,0.00119830769606999,0,0,0,-0.00251889168765743,0
"269",0.00976987601183635,0,0,0,0,0,0,0,0,0,0,0,0,0,-0.0144408305005992,-0.00125944584382872,0,0,0,0,0.00593040033259152,0
"270",0.00851043016800765,0,0,0,0,-0.00125944584382872,0,0,-0.00473209263652152,0,0,0,0,0,0,0,0,0,0,0,-0.00251889168765743,0
"271",0.000953755105035342,0,0,0,0,0,0,0,0,0,0,-0.00125944584382872,0,0,0,0,0,0,0,0,-0.00377833753148615,0.00408402827027954
"272",-0.00534347411410824,0.00366828886552051,0,0,0,0,-0.00125944584382872,0,0,0,0,0,0,-0.0164583893766355,0,0,0.0197598493556039,0,0,0,-0.000366828886552054,0
"273",-0.00552688855738426,0,0,0,0,0,0.0067863344012129,0,0,0,0,0,0,0,0,0,0,0,0,0,-0.00125944584382872,0
"274",-0.00678633440121298,0,0,0,0,0,0,0,0.00571030300066022,0,0,0,0,0,0,0,0,0,0,0,0.00107603140055269,0
"275",0.0101122496392849,0,0,0,0,0,0,0,0,-0.0199799466875351,0,0,0,0,0.0023354772443814,-0.00180968917365679,0,0,0,0,0.00934190897752562,0
"276",0.00633391210779877,0,0,0,0,0,0,0,0.0217529529725367,0,0,0,0,0,0,0,0,-0.00144286028710474,-0.0190873297302585,0,-0.00755667506297229,0
"277",0.00507446626397007,0,0,0,0,0,0,0,0,-0.0241128854760216,0,0,0,0,-0.00251889168765743,0.018512631141327,0,0,0,0,0.00304467975838204,0
"278",3.66828886551873e-05,0,0,0,-0.0064806436624196,0,0,-0.0160304223423247,0,0,0,0,0,0,0.036511701841481,0,0,0,0,0,-0.0140373187253919,0
"279",0.00489105182069402,0,0,0,0,0,0,0,0,0,-0.00363160597686529,0,0,0,0,0,0,0,0,0,0,-0.00125944584382872
"280",0.00974542075273285,0,-0.013340343840943,0,0,0,0,0,0,0,0,0,0,0,0,0,0,0,-0.00125944584382872,0,0.00485436893203883,0
"281",0.0167518524858771,0,0,0,0,0,0,0,0,-0.027512166491404,0,0,-0.00125944584382872,0,0,0.0174243721112225,0,0,0,0,-0.00540461226186691,0
"282",0.0167518524858771,0,0,0,0,0,0,0,0,0,-0.0117140691105623,0,0,0,0,0,-0.00125944584382872,0,0,0,-0.00377833753148615,0
"283",0.0154924066420484,0,0,0,0,0,0,0,0.014538651537013,0,-0.018512631141327,0,0,0,0,0,0,0,0,0,-0.0115184270377345,0
"284",0.0189039152869825,0,0,0,0,0,-0.00125944584382872,0,0,-0.0259225746496784,0,0,0,0,0,0.0172776405566017,0,0,0,0,-0.00899953535007703,0
"285",0.00882834853635275,0,0,0,-0.00125944584382872,0,-0.00756890269252408,0,0,0,0,0,0,0,0,0,0,0,0,0,0,0
"286",0.00486659656159058,-0.0172287300383948,0,0,0,0,0,0,0,0,0,0,0.00485436893203883,-0.0100755667506297,0,0,0,0.0393607395270352,-0.00251889168765743,0,-0.0192585165439828,0
"287",0.00720207380597199,0,0,0,0,0,0,0,0,-0.0154679513829449,0,0,0,0,0,0,0,0,0,0,0.00826587757697293,0
"288",0.0131324741385635,0.000403511775207255,0,0,0,0,-0.00251889168765743,-0.00125944584382872,0,0,0,0,0,0,-0.00125944584382872,0,0.00357046782910665,0.0057469858893155,0,0,-0.017815656256878,0
"289",0.00431635323176249,0,0,0,0,0,0,0,0,0,-0.00053801570027634,0,0,0,0,0,0,0,0,0,-0.00377833753148615,0
"290",-0.00072143014355236,0,0,0,0,0,0,0,0,0,0,0,0,0,-0.00125944584382872,0,-0.00125944584382872,0.0120564427380108,0,0,-0.00881612090680101,0
"291",-0.00216429043065713,0,0,-0.00128390110293219,0.00237216013303665,0,0,0,0,-0.00125944584382872,0,0,0,0,0,0,0,0,0,0,0.0023354772443814,0
"292",-0.00486659656159055,0,0,0,0,0,0,0,0.0096842826049742,0,0,0,0,0,0,0,0,0,-0.0166784867085666,0,0.011860800665183,0
"293",-0.00271453376048519,0,0,0,0,0,0,0,-0.0372698148736886,0,-0.00125944584382872,0,0,0,0,0,0,0,0.049900956200631,0,-0.00739771587879973,-0.00125944584382872
"294",-0.00397397960431389,-0.00144286028710474,0,0,0,0,0,-0.00125944584382872,0.00485436893203883,0,0,0,0,-0.0312171382455797,0.00879166564769754,0,0.00359492308821012,0.0111271428920789,0.00485436893203883,0,0.00467095448876281,0
"295",-0.0102712088234575,0,0,0,0,0,0,0,0,0,0.0102712088234574,0,0,0,0,0,0,0,0,0,0,0
"296",-0.00811914602235214,0,0,0,0,0,0,0,0,0,0,0,0,-0.00125944584382872,0,0,0.00215206280110538,0.00848597490890413,0,0,-0.00125944584382872,0
"297",-0.0120808979971143,-0.000758113032207582,0,0.00485436893203883,-0.028710474187474,0,-0.00251889168765743,0,0,0.00958646156856033,0,0,0.00485436893203883,0.00107603140055269,0.011860800665183,-0.00343596390403756,0,-0.00251889168765743,0.00844929202024895,0,0.00934190897752562,0
"298",-0.0122643124403903,0,0,0,0.00992883519600896,0,0,0,0,-0.00125944584382872,0,0,0,0,0,0,0,0,0,0,0.00359492308821012,0
"299",-0.0126311413269424,0.0270352889388863,0,0,0,0,0,0,0,0,0,0,0,0,0,0,0,0,0,0,-0.0144041476119439,0
"300",-0.00851043016800762,0,0,0,-0.00101489325279402,0,0,0,0,0,0,0,0,0,0,0.00485436893203883,0,0,0,0,0.00467095448876281,0
"301",0.0201511335012595,0,0,0,0,0,0,0,0,0,-0.0212271649018121,0.00485436893203883,0,0,0,0,0,0,0,0,-0.00377833753148615,0
"302",0.0499376390892861,0,0,-0.00251889168765743,-0.0472353329583527,0,0,0,0,0,0,0,0,0,0,0,0,0,0,0,-0.000183414443276027,0
"303",0.0525910347020127,0,0,0,0,0,0,0,0,0,-0.0525910347020127,0,0,0,0,0,0,0,0,0,0,0
"304",0.033283607639823,-0.0230246264459172,0,0,-0.00251889168765743,0,-0.0064806436624196,0,0,0,0,0,0,0,0,0,0,0,0,0,-0.00125944584382872,0
"305",0.0352522559976522,0,0,0,-0.0388471790858624,0,0.00485436893203883,0,0,0,0,0,0,0,0,0,0,0,0,0,-0.00125944584382872,0
"306",0.0302144726223375,0,0,0.00485436893203883,0,0,0,0,0,0,0,0,-0.0350688415543763,0,0,0,0,0,0,0,0,0
"307",0.0302144726223375,0,0,0,0,0,0,0,0,0,0,0,0,0,0,-0.02769558093468,0,0,0,0,-0.00251889168765743,0
"308",0.0302144726223375,-0.00125944584382872,0,0,-0.02769558093468,0,0,0,0,0,0,0,0,0,0,0,0,0,0,0,-0.00125944584382872,0
"309",0.0302144726223375,0,0,0,0,0,0,0,-0.0289550267785087,0,0,0,0,0,0,0,0,0,0,0,-0.00125944584382872,0
"310",0.0302144726223375,0,0,0,0,0,0,0,-0.00251889168765743,0,-0.0264361350908513,0,0,0,0,0,0,0,0,0,-0.00125944584382872,0
"311",0.0302144726223375,0,0,0,0,0,0,0,0,-0.0240762025873664,0,0,0,0,0,-0.00595485559169499,0,0,0,0,-0.000183414443276027,0
"312",0.0302144726223375,0,0,0.00485436893203883,-0.039556381599863,0,0,0,0,0,0,0,0,0,-0.00144286028710474,0,0,-0.00125944584382872,0,0,0.00718984617642024,0
"313",0.0338093957105475,0,0,0,0,0,0,0,0,0,0,0,0,-0.0312905040228901,0,0,-0.00125944584382872,0,0,0,-0.00125944584382872,0
"314",0.0325499498667188,0,0,0,0,0,0,0,0,0,0,0,0,0,0,0,0,0,-0.0312905040228901,0,-0.00125944584382872,0
"315",0.0325499498667188,0,0,0.00485436893203883,0,0,0,-0.0374043187987577,0,0,0,0,0,0,0,0,0,0,0,0,0,0
"316",0.0325499498667188,0,0,0,0,0,-0.0325499498667188,0,0,0,0,0,0,0,0,0,0,0,0,0,0,0
"317",0.0300310581790614,-0.00162627473038077,0,0,0,0,0,0,0,0,0,0.00485436893203883,0,0,0,0,0,-0.00125944584382872,-0.0343351837812722,0,0.0023354772443814,0
"318",0.0287716123352327,0,0,0,0,0.00593040033259152,0,0,0,0,0,0,0,0,0,0,0,0,0,0,-0.00125944584382872,-0.0334425668239955
"319",0.0287716123352327,0,0,0,0,0,0,0,0,0,0,0,0,0,0,0,0,0,0,0,0,-0.0287716123352327
"320",0.0262527206475752,0,0,-0.035961458511653,0.00485436893203883,0,0,0,0,0,0,0,0,0,0,0,0,0,0,0,0.00485436893203883,0
"321",0.0260693062042993,0,0,0,-0.00125944584382872,0,0,0,0,0,0,0,0,-0.0222909686728131,0,0,-0.00125944584382872,0,0,0,-0.00125944584382872,0
"322",0.0248098603604705,-0.00503778337531486,0,0,0,0,0.00970873786407767,0,0,0,-0.00251889168765743,0,0,-0.00251889168765743,0,0,-0.0312660487637867,0.00682301728986818,0,0,0,0
"323",0.0235504145166417,0,0,0,0,0,0,0,0,-0.0235504145166418,0,0,0,0,0,0,0,0,0,0,0,0
"324",0.0222909686728131,0,0,-0.0167029419676702,-0.0041451664180382,0,0,0,0,0,0,0,0,-0.00125944584382872,0,0,0,0,0,0,-0.000183414443276027,0
"325",0.0120319874789073,0,0,0,0,0,0,0,0.00485436893203883,0,-0.0168863564109462,0,0,0,0,0,0,0,0,0,0,0
"326",0.0120319874789073,0,0,0,0,0,0,0,-0.00248220879900224,0,0,0,0,0,0,0,0,0,-0.00577144114841897,0,-0.00377833753148615,0
"327",0.0120319874789073,-0.00932968134797391,0,0,0,0,0,0,0,0,0,0,0,0,0,0,0,0,-0.000183414443276027,0,-0.00251889168765743,0
"328",0.0120319874789073,0,0,-0.00125944584382872,-0.00951309579124993,0,0,0,0,0,0,0,0,0,0,0,0,0,0,0,-0.00125944584382872,0
"329",0.0120319874789073,0,0,0,0,0,0,0,0.00544129515052211,0,-0.0106258100804578,0,0,0,0,0,0,0,-0.00666405810569563,0,-0.000183414443276027,0
"330",0.0120319874789073,0,0,0,0,0,0,0,0,0,0,0,0,-0.00125944584382872,-0.0107725416350786,0,0,0,0,0,0,0
"331",0.0120319874789073,0,0,0,0,0,0,0,0,-0.0120319874789074,0,0,0,0,0,0,0,0,0,0,0,0
"332",0.0168863564109462,0,0,0,0,0,0,0,0,0,0,0,0,0,-0.0168863564109462,0,0,0,0,0,0,0
"333",0.0156269105671174,0,0,-0.00125944584382872,0.000525788070724606,0,-0.00859602357486977,0,0,0,0,0,0,0,0,0,0,0,0,0,-0.00629722921914358,0
"334",0.00932968134797385,0,-0.00125944584382872,0.00844929202024895,0.00322809420165807,0,-0.00251889168765743,-0.0064806436624196,-0.00125944584382872,0,0.00897508009097357,0,0.00467095448876281,-0.00125944584382872,-0.0324765840894084,0,0,0,-0.00125944584382872,0,0.00826587757697293,0.00359492308821012
"335",0.012741189992908,0,0,-0.00125944584382872,0,0,-0.0235259592575383,0,0,0,0,0,0.00485436893203883,0,0,0,0.0023354772443814,0,0,0,0.00485436893203883,0
"336",0.0281480032280943,0,0,0,0,0,0,0,0,0,0,0,0,0,-0.0281480032280942,0,0,0,0,0,0,0
"337",0.0281480032280943,0,0,0,0,0,0,0,0,0,0,0,0,0,0,0,0,0,0,-0.0281480032280942,0,0
"338",0.0281480032280943,0,0,0,0,0,0,0,0,0,0,0,0,0,0,0,-0.00251889168765743,-0.0304834804724756,0,0,0.00485436893203883,0
"339",0.0281480032280943,0,0,0,0,0,0,0,0,0,0,0,0,0,0,0,0,0,0,0,0,-0.0281480032280942
"340",0.0281480032280943,0,0,0,0,0,0,0,0,0,0,0,0,0,-0.0281480032280942,0,0,0,0,0,0,0
"341",0.0281480032280943,0,0,0,0,0.00485436893203883,0,0,-0.0304834804724756,0,-0.00125944584382872,0,0,0,0,0,0,0,0,0,-0.00125944584382872,0
"342",0.0281480032280943,0,0,0,0,0.00485436893203883,0,0,0,0,0,0,0,0,0,0,0,0,0,0,0,-0.033002372160133
"343",0.0281480032280943,0,0,0,0,0,0,-0.00125944584382872,0,0,0,0,0,0,-0.0256291115404368,0,0,0,0,0,-0.00125944584382872,0
"344",0.0281480032280943,0,0,-0.00125944584382872,-0.0268885573842655,0,0,0,0,0,0,0,0,0,0,0,0,0,0,0,0,0
"345",0.0268885573842655,-0.00125944584382872,0,0,0,0,0,0,0,0,0,0,0,-0.0205913281651219,-0.00251889168765743,0,0,0,0,0,-0.00251889168765743,0
"346",0.0268885573842655,0,-0.00125944584382872,0,0,-0.0267051429409895,0,0,0,0,0,0,0,0,0,0,0,0,0,0,0.00485436893203883,-0.00377833753148615
"347",0.0317429263163044,0,0,0,0,0,0,0,0,-0.0254456970971608,0,0,0,0,-0.00251889168765743,0,0,0,0,0,-0.00377833753148615,0
"348",0.0317429263163044,0,0,0,0,0,0,0,-0.000183414443276027,0,0,0,-0.0315595118730283,0,0,0,0,0,0,0,0,0
"349",0.0317429263163044,0,0,0,0,0,0,0,0,0,-0.0317429263163043,0,0,0,0,0,0,0,0,0,0,0
"350",0.0304834804724756,0,0,0,0,0,0,0,0,-0.0304834804724756,0,0,0,0,0,0,0,0,0,0,0,0
"351",0.029224034628647,0,0,0,0,0,0,0,0,0,0,0,0,0,0,0,0,-0.0279645887848182,0,0,-0.00125944584382872,0
"352",0.0315595118730283,0,0,0,0,0,-0.0315595118730283,0,0,0,0,0,0,0,0,0,0,0,0,0,0,0
"353",0.0315595118730283,0,0,0,0,0,0,0,0,-0.0303000660291996,0,0,0,0,0,0,0,0,0,0,-0.00125944584382872,0
"354",0.0315595118730283,0,0,0,0,0,0,0,0,0,0,0,0,0,0,0,0,0,0,0,0,-0.0315595118730283
"355",0.0315595118730283,-0.0303000660291996,0,0,0,0,-0.00125944584382872,0,0,0,0,0,0,0,0,0,0,0,0,0,0,0
"356",0.0315595118730283,0,0,0,0,0,0,0,0,0.0104179403780783,0,0,0,0,0,-0.0279401335257147,0,0,0,0,-0.0140373187253919,0
"357",0.0315595118730283,0,0,0,0,0,0,0,0.0145631067961165,0.00485436893203883,0,-0.0378322858330684,0,0,0,-0.00125944584382872,0,-0.0125944584382872,-0.00144286028710474,0,0.00215206280110538,0
"358",0.0315595118730283,0,0,0,0,0,0,0,0,0.00341150864493409,0,0,0,0,0,-0.0381991147196205,0,0,0,0,0.00322809420165807,0
"359",0.0303000660291997,0,0,0,0,0,-0.00707979751045462,0,0,0,0,0,0,0,0,0,-0.0251889168765743,0,0,0,0.00196864835782935,0
"360",0.0303000660291997,-0.026864102125162,0,0,0,0,0,0,0,0,0,0,0,0,0,0,0,-0.00899953535007703,-0.00251889168765743,0,0.0080824631336969,0
"361",0.0303000660291997,0,0,0,0,0,0,-0.0303000660291996,0,0,0,0,0,0,0,0,0,0,0,0,0,0
"362",0.0303000660291997,0,0,0,0,0,0,0,0,0,0,0,0,0,0,0,0,-0.0303000660291996,0,0,0,0
"363",0.0303000660291997,0,0,0,0,0,0,0,0,0,0,0,-0.0303000660291996,0,0,0,0,0,0,0,0,0
"364",0.0303000660291997,0,0,-0.0351544349612384,0.00485436893203883,0,0,0,0,0,0,0,0,0,0,0,0,0,0,0,0,0
"365",0.0303000660291997,0,0,0,0,0,0,0,-0.00377833753148615,0,0,0,0,0,0,0,0,0,-0.0385659436061725,0,0.0120442151084591,0
"366",0.0303000660291997,0,0,0,0,0,0,0,0,-0.0221931476363992,0,0,0,0,0,-0.00666405810569563,0,0,0,0,-0.00144286028710474,0
"367",0.0290406201853709,0,0,0,0,0,0,0,0,0,0,0,0,0,-0.0290406201853709,0,0,0,0,0,0,0
"368",0.0277811743415421,0,0,0,0,0,0,0,0,0,-0.0277811743415422,0,0,0,0,0,0,0,0,0,0,0
"369",0.024002836810056,0.00359492308821012,0,0,0,0,0,0,0,0,0,0,0,0,0,0,0,-0.0200410848352938,-0.00251889168765743,0,-0.00503778337531486,0
"370",0.024002836810056,0,0,0,-0.0227433909662273,0,0,0,0,0,0,0,0,0,0,0,0,0,0,0,-0.00125944584382872,0
"371",0.0288572057420948,-0.00563693722334987,0,0,0,0,0,0,0,0,0,0,0,0,0,0,0,-0.00125944584382872,-0.00666405810569563,0,-0.0152967645692206,0
"372",0.0288572057420948,0,0,0,0,0,0,0,0,0,-0.00251889168765743,0,0,0,0,0,0,0,-0.0263383140544374,0,0,0
"373",0.0288572057420948,0,0,0,0,0,0,0,0,0,0,0,0,0,-0.0275977598982661,0,0,0,0,0,-0.00125944584382872,0
"374",0.0288572057420948,0,0,0,0,0,0,0,0,-0.0288572057420948,0,0,0,0,0,0,0,0,0,0,0,0
"375",0.0288572057420948,0,0,0,0,0,0,0,-0.0491672984275268,0,0,0,0,0,0,0,0,0,0.0143796923528405,0,0.00593040033259152,0
"376",0.0288572057420948,-0.0112005086693893,0,0,0,0,0,0,0,0,0,0,-0.00251889168765743,0,0,0,0.0057469858893155,-0.01458756205522,-0.00377833753148615,0,-0.00251889168765743,0
"377",0.0288572057420948,0.00485436893203883,0,0,0,0,0,0,0,-0.00125944584382872,-0.00251889168765743,-0.000183414443276027,0,0,-0.000183414443276027,0.00359492308821012,0.00359492308821012,-0.0414272089212785,0,0,0.00467095448876281,0
"378",0.0288572057420948,0,0,0,-0.0288572057420948,0,0,0,0,0,0,0,0,0,0,0,0,0,0,0,0,0
"379",0.0288572057420948,0,-0.00125944584382872,0,0,0,0.0194174757281553,0,0,0,0,0,0,0,0,0,-0.0457557897825928,0,0,0,-0.00125944584382872,0
"380",0.0288572057420948,0,0,0,0,0,0,0,-0.0288572057420948,0,0,0,0,0,0,0,0,0,0,0,0,0
"381",0.0288572057420948,0,0,0,0,0,0,0,0.0023354772443814,0,0,0,0,0,0,0,0,0,-0.0311926829864762,0,0,0
"382",0.0288572057420948,0,0,0,0,0,0,0,-0.0275977598982661,0,0,0,0,0,0,0,0,0,-0.00125944584382872,0,0,0
"383",0.0288572057420948,0,0,0,0,0,0,0,0,0,0,0,0,0,0,0,0,0,0,-0.0288572057420948,0,0
"384",0.0288572057420948,0,0,0,0,0,-0.0288572057420948,0,0,0,0,0,0,0,0,0,0,0,0,0,0,0
"385",0.0288572057420948,0,0,0,0,0,0,0,0,-0.0286737912988188,0,0,0,0,0,-0.00377833753148615,0,0,0,0,0.00359492308821012,0
"386",0.0288572057420948,-0.00251889168765743,0,0,0,0,0,0,0.000892616957276661,0,0,0,0,0,0,0,0,-0.0453889608960407,0.00970873786407767,0,0.00844929202024895,0
"387",0.0288572057420948,0,0,0,0,0,0,0,0,0,0,0,0,-0.0288572057420948,0,0,0,0,0,0,0,0
"388",0.0288572057420948,0,0,0,0,0,0,0,0,-0.0288572057420948,0,0,0,0,0,0,0,0,0,0,0,0
"389",0.0288572057420948,0,0,0,0,-0.0288572057420948,0,0,0,0,0,0,0,0,0,0,0,0,0,0,0,0
"390",0.0288572057420948,0,0,0,0,0,0,0,0,-0.0245041696216771,0,0,0,0,0,-0.00542906752097038,0,0,0,0,0.00107603140055269,0
"391",0.0288572057420948,0,0,0,0,0,0,0,0,0,-0.0288572057420948,0,0,0,0,0,0,0,0,0,0,0
"392",0.0288572057420948,0,0,0,0,0,0,0,0,0,0,0,0,-0.0288572057420948,0,0,0,0,0,0,0,0
"393",0.0288572057420948,0,0,0,0,0,0,0,-0.0263383140544374,0,0,0,0,0,0,0,0,0,-0.00125944584382872,0,-0.00125944584382872,0
"394",0.0288572057420948,0,0,0,0,0,0,0,0,0,-0.00125944584382872,0,0,0,-0.0263383140544374,0,0,0,0,0,-0.00125944584382872,0
"395",0.0288572057420948,0,0,0,0,0,0,0,0,-0.0274143454549901,0,0,0,0,0,-0.00503778337531486,0,0,0,0,0.00359492308821012,0
"396",0.0288572057420948,0,0,0,-0.0288572057420948,0,0,0,0,0,0,0,0,0,0,0,0,0,0,0,0,0
"397",0.0288572057420948,0,0,0,0,0,0,0,-0.00125944584382872,0,0,0,0,0,0,0,0,-0.032452128830305,0,0,0.00485436893203883,0
"398",0.0288572057420948,0,0,0,0,0,0,0,0,0,0,0,0,0,0,0,0,0,0,-0.0288572057420948,0,0
"399",0.0288572057420948,0,0,-0.000366828886552054,-0.027047516568438,0,-0.00251889168765743,0,0,0,0,0,0,0,0,0,0,0,0,0,0.00107603140055269,0
"400",0.0288572057420948,-0.00416962167714167,0,0,0,0,0,0,0,0,-0.00251889168765743,0,0,0,0,0,0.00359492308821012,-0.0241373407351251,0,0,-0.00162627473038077,0
"401",0.0288572057420948,0,0,0,0,0,0,0,0,0,0,0,0,0,0,0,0,0,0,-0.0288572057420948,0,0
"402",0.0288572057420948,0,0,0,0,0,0,0,0,0,0,0,0,0,0,0,0,0,0,-0.0288572057420948,0,0
"403",0.0288572057420948,-0.00125944584382872,0,0,0,0,0,0,-0.00251889168765743,0,-0.00125944584382872,0.000892616957276661,0,0,0,0,-0.00125944584382872,-0.0319018855004769,0.00485436893203883,0,0.00359492308821012,0
"404",0.0288572057420948,0,0,0.000709202514000636,-0.0232691790369519,0,0,0,0,0,0,0,0,0,0,0,0,0,0,0,-0.00629722921914358,0
"405",0.0288572057420948,0,0,0,0,0,0,0.00485436893203883,0,0,0,0,0,0,0,0,0,0,0,0,-0.00125944584382872,-0.032452128830305
"406",0.0288572057420948,0,0,0,0,0,0,0,0,0,0,0,0,0,0,0,0,0,0,-0.0288572057420948,0,0
"407",0.0288572057420948,0,0,0,0,0,0,0,0,0,0,0,0,0,-0.0288572057420948,0,0,0,0,0,0,0
"408",0.0288572057420948,-0.0288572057420948,0,0,0,0,0,0,0,0,0,0,0,0,0,0,0,0,0,0,0,0
"409",0.0288572057420948,0,0,0,0,0,0,0,0,0,0,0,0,0,0,0,0,-0.0288572057420948,0,0,0,0
"410",0.0288572057420948,0,0,0,0,0,0,0,0,0,0,0,0,0,0,0,0,0,0,-0.0288572057420948,0,0
"411",0.0288572057420948,0,0,0,0,0,0,0,-0.0275977598982661,0,0,0,0,0,0,0,0,0,0,0,-0.00125944584382872,0
"412",0.0288572057420948,0,0,0,0,0,0,0,0,0,0,0,0,-0.0288572057420948,0,0,0,0,0,0,0,0
"413",0.0288572057420948,0,0,0,-0.0288572057420948,0,0,0,0,0,0,0,0,0,0,0,0,0,0,0,0,0
"414",0.0288572057420948,0,0,0,0,0,0,0,0,0,0,0,0,0,0,0,0,0,0,-0.0288572057420948,0,0
"415",0.0288572057420948,0,0,0,-0.0288572057420948,0,0,0,0,0,0,0,0,0,0,0,0,0,0,0,0,0
"416",0.0288572057420948,0,0,0,0,-0.0263383140544374,0,0,0,0,0,0,0,0,0,0,0,0,0,0,-0.00125944584382872,-0.00125944584382872
"417",0.0288572057420948,0,0,0,0,0,0,0,0,0,0,0,0,0,0,0,0,0,-0.0288572057420948,0,0,0
"418",0.0288572057420948,0,0,0,0,0,0,0,0,0,0,0,-0.0337115746741337,0,0,0,0.00485436893203883,0,0,0,0,0
"419",0.0288572057420948,0,0,0,0,0,0,0,0,0,0,0,0,0,0,0,0,-0.0263383140544374,0,0,-0.00251889168765743,0
"420",0.0288572057420948,0,0,0,0,0,0,0,0,0,0,0,0,-0.0288572057420948,0,0,0,0,0,0,0,0
"421",0.0288572057420948,0,0,0,0,0,0,0,0,0,0,0,0,-0.0288572057420948,0,0,0,0,0,0,0,0
"422",0.0288572057420948,0,0,0,0,0,0,0,0,0,-0.0288572057420948,0,0,0,0,0,0,0,0,0,0,0
"423",0.0288572057420948,0,0,0,0,0,0,0,0,0,0,0,0,0,0,0,0,0,-0.0288572057420948,0,0,0
"424",0.0288572057420948,0,0,0,0,0,0,0,0,-0.0288572057420948,0,0,0,0,0,0,0,0,0,0,0,0
"425",0.0288572057420948,0,0,0,0,0,0,0,0,0,-0.0288572057420948,0,0,0,0,0,0,0,0,0,0,0
"426",0.0288572057420948,0,0,0,0,0,0,0,0,0,0,0,0,0,0,0,0,0,0,-0.0288572057420948,0,0
"427",0.0288572057420948,0,0,0,0,0,0,-0.00125944584382872,0,0,0,0,0,0,0,0,0,0,0,0,-0.00125944584382872,-0.0263383140544374
"428",0.0288572057420948,0,0,0,0,0,0,0,0,0,0,0,0,0,-0.0288572057420948,0,0,0,0,0,0,0
"429",0.0288572057420948,0,0,0,0,0,0,0,0,0,-0.0288572057420948,0,0,0,0,0,0,0,0,0,0,0
"430",0.0288572057420948,0,0,0,-0.0288572057420948,0,0,0,0,0,0,0,0,0,0,0,0,0,0,0,0,0
"431",0.0288572057420948,0,0,0,0,0,0,0,0,-0.0409014208505539,0,0,0,0,0,-0.00125944584382872,0,0.0133036609522878,0,0,0,0
"432",0.0288572057420948,0,0,0.00485436893203883,-0.0385659436061725,0,0,0,0,0,0,0,0,0,0,0,0,0,0,0,0.00485436893203883,0
"433",0.0288572057420948,0,0,0,0,0,0,0,0,0,0,0,0,-0.0288572057420948,0,0,0,0,0,0,0,0
"434",0.0288572057420948,0,0,0,0,0,0,0,-0.0288572057420948,0,0,0,0,0,0,0,0,0,0,0,0,0
"435",0.0288572057420948,-0.000183414443276027,0,0,-0.00396175197476217,0,0,0,-0.00918294979335306,0,0.00844929202024895,-0.00251889168765743,0,0,-0.00125944584382872,0,0,-0.00125944584382872,-0.0183903548458096,0,-0.000550243329828079,0
"436",0.0288572057420948,0,0,0,0.0023354772443814,0,-0.0299332371426475,0,0,0,0,0,0,0,0,0,0,0,0,0,-0.00125944584382872,0
"437",0.0288572057420948,-0.0225599765229513,0,0,0,0,0,0,0,0,0,0,0,0,0,0,0,0,-0.00377833753148615,0,-0.00251889168765743,0
"438",0.0288572057420948,0,0,0,-0.0288572057420948,0,0,0,0,0,0,0,0,0,0,0,0,0,0,0,0,0
"439",0.0288572057420948,0,0,0,0,0,0,0,0,0,0,0,0,0,0,0,0,-0.0288572057420948,0,0,0,0
"440",0.0288572057420948,0,0,0,0,-0.0275977598982661,0,0,0,0,0,0,0,0,0,0,0,0,0,0,0,-0.00125944584382872
"441",0.0288572057420948,0,0,0,0,0,0,0,0,0,0,0,0,0,0,0,0,0,0,0,0,-0.0288572057420948
"442",0.0288572057420948,0,0,0,0,0,0,0,0,0,0,0,0,0,0,0,0,0,-0.0288572057420948,0,0,0
"443",0.0288572057420948,0,0,-0.0288572057420948,0,0,0,0,0,0,0,0,0,0,0,0,0,0,0,0,0,0
"444",0.0288572057420948,0,0,0,0,0,-0.0288572057420948,0,0,0,0,0,0,0,0,0,0,0,0,0,0,0
"445",0.0288572057420948,-0.0288572057420948,0,0,0,0,0,0,0,0,0,0,0,0,0,0,0,0,0,0,0,0
"446",0.0288572057420948,-0.0297498226993715,0,0,0,0,0,0,0,0,0,0,0,0,0,0,0.00341150864493409,0,0,0,-0.00251889168765743,0
"447",0.0288572057420948,0,0,0,0,0,0,0,0,0,0,0,-0.0261548996111614,0,0,0,-0.00377833753148615,0,0,0,0.00107603140055269,0
"448",0.0288572057420948,0,0,0,0,0,0,0,0,0,0,0,0,0,0,-0.0288572057420948,0,0,0,0,0,0
"449",0.0288572057420948,0,0,-0.00251889168765743,-0.0225599765229513,0,0,0,0,0,0,0,0,0,0,0,0,0,0,0,-0.00377833753148615,0
"450",0.0275977598982662,0,0,0,0,0,0,0,0,0,0,0,0,0,0,0,-0.00125944584382872,-0.0263383140544374,0,0,0,0
"451",0.0275977598982662,0,0,0,0,0,0,0,0,-0.0259714851678853,0,0,0,0,0,-0.00755667506297229,0,0,0,0,0.00593040033259152,0
"452",0.0275977598982662,-0.00125944584382872,0,0,0,0,0,0,0.0023354772443814,0,-0.0256046562813333,0.0023354772443814,0,0,0.00485436893203883,0,0.00107603140055269,0,0,0,-0.0113350125944584,0
"453",0.0275977598982662,0,0,0,0,0,-0.0275977598982661,0,0,0,0,0,0,0,0,0,0,0,0,0,0,0
"454",0.0275977598982662,0,0,0,0,0,0,0,0,-0.0347876060746864,0,0,0,0,0,0.00844929202024895,0,0,0,0,-0.00125944584382872,0
"455",0.0263383140544374,-0.0263383140544374,0,0,0,0,0,0,0,0,0,0,0,0,0,0,0,0,0,0,0,0
"456",0.0263383140544374,0,0,0,0,0,-0.0263383140544374,0,0,0,0,0,0,0,0,0,0,0,0,0,0,0
"457",0.0263383140544374,0,0,0,0,0,0,0,0,0,0,0,0,0,0,0,0,0,0,0,0,-0.0263383140544374
"458",0.0263383140544374,0,0,0,0,0,0,0,-0.00503778337531486,0,0,0,0,0,0,0,0,0,-0.0175221931476364,0,-0.00377833753148615,0
"459",0.0263383140544374,0,0,0,0,0,0,0,0,0,0,0,0,0,0,0,0,-0.0263383140544374,0,0,0,0
"460",0.0263383140544374,0,0,0.00265339561272652,0,0,0,0,0,0,0,0,-0.0264728179795065,0,0,0,0,0,0,0,-0.00251889168765743,0
"461",0.0263383140544374,0,0,0,0,0,0,0,0,0.011677386221907,0,0,0,0,0,-0.0365728399892397,0,0,0,0,-0.00144286028710474,0
"462",0.0263383140544374,0,0,0,0,0,-0.0263383140544374,0,0,0,0,0,0,0,0,0,0,0,0,0,0,0
"463",0.0263383140544374,0,0,0,0,0,0,0,0,0.00970873786407767,0,0,0,0,0,-0.0360470519185151,0,0,0,0,0,0
"464",0.0263383140544374,0,0,0,0,0,0,0,0,0,0,0,0,0,-0.0263383140544374,0,0,0,0,0,0,0
"465",0.0250788682106088,0,0,0,0,0,0,0,0,-0.0225599765229513,0,0,0,0,0,-0.00251889168765743,0,0,0,0,0,0
"466",0.0250788682106088,-0.00377833753148615,0,0,0,0,0,0,-0.00125944584382872,0,0,0,0,0,0,0,0,0,-0.0223765620796752,0,0.0023354772443814,0
"467",0.0250788682106088,-0.00125944584382872,0,0,0,0,0,0,0.00448754004548678,0,0,0,0,0,0,0,0,0,-0.0293829938128194,0,0.00107603140055269,0
"468",0.0225599765229513,0,0,0,0,0,0,-0.00125944584382872,0,0,0,0,-0.00125944584382872,-0.000917072216380134,0,0,-0.00904844586828397,-0.00629722921914358,0,0,-0.00377833753148615,0
"469",0.0225599765229513,0,0,0,0,0,0,0,0.00215206280110538,0,-0.0209337017925705,0,0,0,0,0,0,0,0,0,-0.00377833753148615,0
"470",0.0225599765229513,-0.00503778337531486,0,0,0,0,0,0,0,0,0,0,-0.00377833753148615,-0.000183414443276027,0,0,0.00485436893203883,-0.026680687681886,0,0,0.00826587757697293,0
"471",0.0274143454549901,0,0,-0.0274143454549901,0,0,0,0,0,0,0,0,0,0,0,0,0,0,0,0,0,0
"472",0.0274143454549901,0,0,0,0,0,0,0,0,0,0,0,0,0,0,0,0,-0.0261548996111614,0,0,-0.00125944584382872,0
"473",0.0274143454549901,0,0,0,0,0,0,0,0,0,0,0,0,0,0,0,0,-0.0274143454549901,0,0,0,0
"474",0.0274143454549901,0,0,0,0,0,0,0,0,0,0,0,-0.0274143454549901,0,0,0,0,0,0,0,0,0
"475",0.0274143454549901,0,0,0,0,0,0,0,0,0,0,0,0,0,-0.0261548996111614,0,0,0,0,0,-0.00125944584382872,0
"476",0.0261548996111615,0,0,0,0,0,0,0,0,-0.023636007923504,0,0,0,0,-0.00125944584382872,0,0,0,0,0,-0.00125944584382872,0
"477",0.0248954537673327,-0.00125944584382872,0,0,0,0,0,0,0,0,0,0,0,0,0,0,0,-0.023636007923504,0,0,0,0
"478",0.023636007923504,0,0,0,-0.023636007923504,0,0,0,0,0,0,0,0,0,0,0,0,0,0,0,0,0
"479",0.023636007923504,0,0,0,0,0,0,0,0,0,-0.023636007923504,0,0,0,0,0,0,0,0,0,0,0
"480",0.0198576703920178,0,0,0,-0.00251889168765743,0,0,0.00844929202024895,0,0,0,0,0,0,-0.0257880707246093,0,0,0,0,0,0,0
"481",0.0198576703920178,-0.0198576703920178,0,0,0,0,0,0,0,0,0,0,0,0,0,0,0,0,0,0,0,0
"482",0.0283069624122668,0,0,0,0,0,0,0,-0.0319018855004769,0,0,0,0,0,0,0,0,0,0.00485436893203883,0,-0.00125944584382872,0
"483",0.0232691790369519,0,0,0,0,0,0,-0.0234281382211245,0,0,0,0,-0.00251889168765743,0,-0.00125944584382872,0,0,0,0,0,0.00341150864493409,0.000525788070724606
"484",0.026680687681886,0,0,0,0,0,0,0,0,0,-0.026680687681886,0,0,0,0,0,0,0,0,0,0,0
"485",0.0299087818835441,-0.0299087818835441,0,0,0,0,0,0,0,0,0,0,0,0,0,0,0,0,0,0,0,0
"486",0.0223521068205718,0,0,0,0,0,0,0,0,0,-0.0308013988408207,0,0,0,0,0,0,0,0,0,0.00844929202024895,0
"487",0.0257636154655059,0,0,0,0,0,0,0,0,0,0,0,0,0,-0.0219852779340197,0,0,0,0,0,-0.00377833753148615,0
"488",0.0216184490474677,0,0,-0.0250299576924018,0,0,0,0,0,0,0,0,0,0,0,0,0,0,0,0,0.00341150864493409,0
"489",0.0183658995867061,0,0,0,0,0,0,0,0,0,0,0,0,0,0,0,-0.0183658995867061,0,0,0,0,0
"490",0.0192585165439828,0,0,0,0,0,-0.0192585165439828,0,0,0,0,0,0,0,0,0,0,0,0,0,0,0
"491",0.0091829497933531,0,0,0,0,0,0,0,0,0,-0.00540461226186691,0,0,0,0,0,-0.00125944584382872,0,0,0,-0.00251889168765743,0
"492",0.00522119781859087,0,0,0,-0.00270230613093346,0,0,0,0,0,0,0,0,0,0,0,0,0,0,0,-0.00251889168765743,0
"493",0.0025188916876574,0,0,0,0,0,0,0,0,0,0,0,0,0,0,0,0,0,-0.00251889168765743,0,0,0
"494",0.00125944584382875,0,0,0,0,0,0,0,0,0,0,0,-0.00125944584382872,0,0,0,0,0,0,0,0,0
