"","X.","A","C","D","G","K","M","R","S","T","W","Y","B","H","N","V"
"1",0.0237905902780311,0,0.962566844919786,-0.984993178717599,0,0,0,0,0,-0.00136425648021828,0,0,0,0,0,0
"2",0.0237905902780311,0,0.962566844919786,-0.986357435197817,0,0,0,0,0,0,0,0,0,0,0,0
"3",0.0237905902780311,0,0,0,0,0,0,0,0,0.951871657754011,0.0053475935828877,0.0053475935828877,-0.982264665757162,0,-0.00409276944065484,0
"4",0.0237905902780311,0,0.962566844919786,-0.984993178717599,0,0,0,0,-0.00136425648021828,0,0,0,0,0,0,0
"5",0.0237905902780311,-0.0237905902780311,0,0,0,0,0,0,0,0,0,0,0,0,0,0
"6",0.0237905902780311,-0.181664976545002,0,0,0.850267379679144,-0.720436853893238,0,0.0962566844919786,0,-0.00136425648021828,-0.0668485675306958,0,0,0,0,0
"7",0.0237905902780311,-0.0142407949165032,0,-0.00136425648021828,0,-0.00409276944065484,0,0,0,0,-0.00272851296043656,0,0,0,-0.00136425648021828,0
"8",0.0237905902780311,0,0,0,0,0,0,0,0,0.957219251336898,0.0053475935828877,0,-0.986357435197817,0,0,0
"9",0.0237905902780311,0,0.962566844919786,-0.984993178717599,0,0,0,0,-0.00136425648021828,0,0,0,0,0,0,0
"10",0.0237905902780311,-0.0250454144202639,0.0053475935828877,-0.00136425648021828,0,0,0,0,0,0,-0.00136425648021828,0,-0.00136425648021828,0,0,0
"11",0.0237905902780311,0,0.957219251336898,-0.986357435197817,0,0,0.0053475935828877,0,0,0,0,0,0,0,0,0
"12",0.0237905902780311,0,0,-0.00136425648021828,0,0,0,0,0,0.962566844919786,0,0,-0.984993178717599,0,0,0
"13",0.0265191032384677,0,0.962566844919786,-0.983628922237381,0,0,0,0,0,0,0,0,-0.00136425648021828,0,0,-0.00409276944065484
"14",0.0265191032384677,0,0,0,0,0,0,-0.00272851296043656,0,0.962566844919786,0,0,-0.986357435197817,0,0,0
"15",0.0265191032384677,0,0,0,0,0,0,0,0,0.957219251336898,0.0053475935828877,0,-0.989085948158254,0,0,0
"16",0.0265191032384677,0,0,0,0,0,0,-0.00136425648021828,0,0.962566844919786,0,0,-0.987721691678035,0,0,0
"17",0.0265191032384677,0,0,0,0.951871657754011,-0.974297991551824,0,-0.00409276944065484,0,0,0,0,0,0,0,0
"18",0.0265191032384677,0,0,-0.00136425648021828,0.962566844919786,-0.983628922237381,0,-0.00272851296043656,0,0,-0.00136425648021828,0,0,0,0,0
"19",0.0265191032384677,0,0.951871657754011,-0.986357435197817,0.0053475935828877,-0.00272851296043656,0,0,0.0053475935828877,0,0,0,0,0,0,0
"20",0.0265191032384677,-0.0237905902780311,0,0,0,-0.00136425648021828,0,0,0,0,0,0,0,0,-0.00136425648021828,0
"21",0.0265191032384677,-0.0351350759825201,0.0053475935828877,0,0.0641711229946524,-0.0750341064120055,0,0.0414164921828833,0,-0.00136425648021828,-0.0245566166439291,0,0,0,-0.00136425648021828,0
"22",0.02117150965558,0,0.941176470588235,-0.978171896316507,0,0,0.0267379679144385,0,-0.00545702592087312,0,0,-0.00136425648021828,0,0,0,-0.00409276944065484
"23",0.02117150965558,-0.00136425648021828,0,0,0.967914438502674,-0.979536152796726,0,-0.00136425648021828,0,0,-0.00682128240109141,0,0,0,0,0
"24",0.02117150965558,-0.0143502272544885,0,0,0,-0.00136425648021828,0,0,-0.00136425648021828,0,-0.00136425648021828,0,0,-0.00136425648021828,-0.00136425648021828,0
"25",0.02117150965558,0,0.967914438502674,-0.987721691678035,0,0,0,0,0,0,0,0,0,0,0,-0.00136425648021828
"26",0.02117150965558,0,0.967914438502674,-0.987721691678035,0,0,0,0,0,0,0,-0.00136425648021828,0,0,0,0
"27",0.02117150965558,-0.0259208731241473,0.967914438502674,-0.95225102319236,0,0,0,0,-0.00409276944065484,0,0,-0.00136425648021828,-0.00409276944065484,0,0,-0.00136425648021828
"28",0.0118405789700228,-0.168350708756776,0.775401069518717,-0.578444747612551,0.0213903743315508,-0.0668485675306958,0.0588235294117647,0.00933093068555712,-0.0247754813198999,0.0588235294117647,-0.0122783083219645,0.0119500113080083,-0.0723055934515689,-0.00136425648021828,-0.00682128240109141,-0.0163710777626194
"29",0.0118405789700228,0,0,0,0.0053475935828877,-0.00818553888130969,0,-0.00136425648021828,0,0.967914438502674,0,0.0053475935828877,-0.979536152796726,0,-0.00136425648021828,0
"30",0.0118405789700228,-0.0106441187413822,0.796791443850267,-0.791268758526603,0,0,0,0,-0.00829497121929511,0.0841972408459849,0.0053475935828877,0.0293570485368896,-0.0954979536152797,0,0,-0.0218281036834925
"31",0.00660241772512056,-0.000109432337985424,0,0,0.978609625668449,-0.984993178717599,0,0.00261908062245114,0,0,-0.00272851296043656,0,0,0,0,0
"32",0.00660241772512056,0,0,0,0,0,0,-0.00136425648021828,0,0.989304812834225,0,0,-0.994542974079127,0,0,0
"33",0.00660241772512056,-0.00136425648021828,0.973262032085562,-0.967257844474761,0,0,0.0053475935828877,0,0,0.00398333710266942,0,0.0053475935828877,-0.0231923601637108,0,-0.00136425648021828,-0.00136425648021828
"34",0.00660241772512056,-0.00304951448519386,0.0160427807486631,-0.0368349249658936,0.0320855614973262,-0.0327421555252387,0,0.0160427807486631,0,0.0320855614973262,0.00523816124490228,0,-0.0327421555252387,0,-0.00272851296043656,0
"35",0.00660241772512056,0.00365504008871315,0.951871657754011,-0.96862210095498,0.0106951871657754,0,0,0,-0.00136425648021828,0.0053475935828877,0,0,-0.00682128240109141,0,0,-0.00136425648021828
"36",0.00660241772512056,-0.00900263367160081,0.0053475935828877,-0.00818553888130969,0,-0.00136425648021828,0,0,-0.00136425648021828,0.0106951871657754,-0.00136425648021828,0,-0.00136425648021828,0,0,0
"37",0.00125482414223286,0.039519664991136,0,0,0.155080213903743,-0.188267394270123,0,0.0374331550802139,-0.00136425648021828,0,-0.043656207366985,0,0,0,0,0
"38",0.00125482414223286,0,0,0,0,0,0,0,0,0.994652406417112,0,0,-0.994542974079127,0,-0.00136425648021828,0
"39",0.00125482414223286,0.00420220177864028,0,0,0,0,0,0,-0.00136425648021828,0,-0.00272851296043656,0,0,0,-0.00136425648021828,0
"40",0.00125482414223286,-0.0105857548277899,0,0,0.0053475935828877,-0.00136425648021828,0,0.0053475935828877,0,0,0,0,0,0,0,0
"41",0.00125482414223286,-0.0106878916765764,0,0,0.0748663101604278,-0.0982264665757162,0,0.0641711229946524,-0.00136425648021828,0,-0.0286493860845839,0,0,0,-0.00136425648021828,0
"42",0.00125482414223286,-0.0524983402762072,0,0,0.919786096256685,-0.893587994542974,0,0.0427807486631016,0,0,-0.0177353342428377,0,0,0,0,0
"43",0.00261908062245114,0.00404899650546064,0,-0.00136425648021828,0.133689839572193,-0.165075034106412,0,0.0588235294117647,0,0,-0.0313778990450205,0,0,0,-0.00136425648021828,0
"44",0.00261908062245114,0,0,-0.00136425648021828,0,0,0,0,0,0.994652406417112,0,0,-0.995907230559345,0,0,0
"45",0.00261908062245114,-0.00900263367160081,0.0053475935828877,-0.00409276944065484,0,-0.00272851296043656,0.0053475935828877,0.0053475935828877,-0.00272851296043656,0.0053475935828877,-0.00136425648021828,0,-0.00409276944065484,0,0,0
"46",0.0053475935828877,0,0,0,0.994652406417112,-0.998635743519782,0,0,0,0,0,-0.00136425648021828,0,0,0,0
"47",0.0053475935828877,0.00774780952936799,0,-0.0136425648021828,0.967914438502674,-0.965893587994543,0,0,0.0053475935828877,0,-0.00409276944065484,-0.00272851296043656,0,0,0,0
"48",0.0053475935828877,-0.0237395218536379,0,0,0.93048128342246,-0.931787175989086,0,0.0374331550802139,0,0,-0.0163710777626194,0,-0.00136425648021828,0,0,0
"49",0.0053475935828877,0,0,0,0.994652406417112,-1,0,0,0,0,0,0,0,0,0,0
"50",0.0053475935828877,0.00398333710266942,0,0,0.989304812834225,-0.998635743519782,0,0,0,0,0,0,0,0,0,0
"51",0.0053475935828877,-0.0117895105456296,0,-0.00272851296043656,0.914438502673797,-0.908594815825375,0,0.0374331550802139,0,0,-0.0327421555252387,0,-0.00136425648021828,0,0,0
"52",0.0053475935828877,-0.00136425648021828,0.983957219251337,-0.997271487039563,0,0,0.0106951871657754,0,0,0,0,-0.00136425648021828,0,0,0,0
"53",0.0053475935828877,-0.0199166855133471,0,0,0,0,0,0,0,0.0160427807486631,0.00398333710266942,0,-0.00409276944065484,0,-0.00136425648021828,0
"54",0.0053475935828877,-0.0565181548248718,0.0053475935828877,-0.00409276944065484,0.191149112503739,-0.200545702592087,0,0.101604278074866,-0.00545702592087312,0,-0.0313778990450205,0,-0.00409276944065484,0,0,-0.00136425648021828
"55",0.0053475935828877,-0.014736888182037,0.823529411764706,-0.839017735334243,0.0053475935828877,-0.0109140518417462,0.0320855614973262,0.0106951871657754,-0.0109140518417462,0.0427807486631016,0,0.0267379679144385,-0.0409276944065484,0,-0.00136425648021828,-0.0286493860845839
"56",0.0053475935828877,0.00376447242669857,0,-0.0122783083219645,0,0,0,0,0,0.978609625668449,0,0,-0.96862210095498,0,-0.00409276944065484,-0.00272851296043656
"57",0.0053475935828877,-0.0128765384362849,0.0053475935828877,-0.00136425648021828,0.0053475935828877,-0.0122783083219645,0,0.0213903743315508,0,0,-0.00818553888130969,0,-0.00136425648021828,0,-0.00136425648021828,0
"58",0.0053475935828877,0.00147368881820364,0,0,0,-0.00682128240109141,0,0,0,0,0,0,0,0,0,0
"59",0.0053475935828877,0.0302398027299721,0.0106951871657754,-0.0272851296043656,0.0053475935828877,-0.0533154350664984,0,0.0588235294117647,0.00125482414223286,0.0481283422459893,-0.00420220177864027,0,-0.0654843110504775,0,-0.00682128240109141,-0.00272851296043656
"60",0.0053475935828877,-0.00617198386237788,0,0,0.882352941176471,-0.858117326057299,0,0.00261908062245114,0,0.0053475935828877,-0.0300136425648022,0,-0.00136425648021828,0,0,0
"61",0.0053475935828877,0,0,0,0.994652406417112,-1,0,0,0,0,0,0,0,0,0,0
"62",0.0053475935828877,-0.00534759358288772,0,0,0,0,0,0,0,0,0,0,0,0,0,0
"63",0.0053475935828877,-0.0143502272544885,0,0,0.0106951871657754,-0.00954979536152797,0,0.0160427807486631,0,0,-0.00818553888130969,0,0,0,0,0
"64",0.0053475935828877,0,0,0,0.994652406417112,-1,0,0,0,0,0,0,0,0,0,0
"65",0.0053475935828877,0,0.994652406417112,-0.995907230559345,0,0,0,0,0,0,0,0,-0.00272851296043656,0,0,-0.00136425648021828
"66",0.0053475935828877,0.00125482414223286,0.0267379679144385,-0.0231923601637108,0,-0.00272851296043656,0,0,0,0.919786096256685,0,0.0427807486631016,-0.954979536152797,0,0,-0.0150068212824011
"67",0.0053475935828877,-0.00545702592087312,0.951871657754011,-0.953615279672578,0,0,0,0,0,0.0320855614973262,0,0.00933093068555712,-0.0327421555252387,0,0,-0.00682128240109141
"68",0.0053475935828877,0,0,0,0,0,0,0,0,0.994652406417112,0,0,-1,0,0,0
"69",0.0053475935828877,-0.0257530768725697,0.0106951871657754,-0.0109140518417462,0.0213903743315508,-0.0300136425648022,0,0.0320855614973262,-0.00136425648021828,0,0.00125482414223286,0,-0.00136425648021828,0,-0.00136425648021828,0
"70",0.0053475935828877,-0.027394561942351,0.0160427807486631,-0.0150068212824011,0,0,0,0,-0.00272851296043656,0.951871657754011,0,0.0213903743315508,-0.930422919508868,0,-0.00136425648021828,-0.0177353342428377
"71",0.0053475935828877,0,0,0,0,0,0,0,0,0.994652406417112,0,0,-1,0,0,0
"72",0.0053475935828877,-0.0229151315741477,0,-0.00272851296043656,0.0320855614973262,-0.0395634379263302,0.0053475935828877,0.0267379679144385,0,0,-0.00158312115618913,0,0,0,-0.00272851296043656,0
"73",0.0053475935828877,0,0,0,0.994652406417112,-1,0,0,0,0,0,0,0,0,0,0
"74",0.0053475935828877,-0.0039833371026694,0,0,0,0,0,0,0,0,0,0,0,0,-0.00136425648021828,0
"75",0.0053475935828877,0,0.0320855614973262,-0.0450204638472033,0,0,0,0,0,0.919786096256685,0,0.0427807486631016,-0.924965893587995,0,0,-0.0300136425648022
"76",0.0053475935828877,-0.00933093068555713,0,0,0,0,0.0053475935828877,0,-0.00136425648021828,0,0,0,0,0,0,0
"77",0.0053475935828877,0,0.989304812834225,-1,0,0,0,0,0,0,0,0.0053475935828877,0,0,0,0
"78",0.0053475935828877,-0.00250964828446576,0,0,0.0053475935828877,-0.00272851296043656,0,0,-0.00136425648021828,0,-0.00136425648021828,0,-0.00136425648021828,0,-0.00136425648021828,0
"79",0.0053475935828877,0,0,0,0.994652406417112,-1,0,0,0,0,0,0,0,0,0,0
"80",0.0053475935828877,0,0,0,0.994652406417112,-1,0,0,0,0,0,0,0,0,0,0
"81",0.0053475935828877,0.000984891041868829,0,0,0.0213903743315508,-0.0395634379263302,0,0.0213903743315508,-0.00136425648021828,-0.00136425648021828,-0.00682128240109141,0,0,0,0,0
"82",0,0,0,0,1,-0.998635743519782,0,0,0,0,0,-0.00136425648021828,0,0,0,0
"83",0,0,1,-1,0,0,0,0,0,0,0,0,0,0,0,0
"84",0,-0.00240021594648021,0,-0.00136425648021828,0.0053475935828877,-0.00409276944065484,0,0.0106951871657754,0,0,-0.00409276944065484,0,-0.00409276944065484,0,0,0
"85",0,0,0,0,1,-1,0,0,0,0,0,0,0,0,0,0
"86",0,0,0,0,0,0,0,0,0,0,0,0,0,0,0,0
"87",0,0,0,0,0,0,0,0,0,1,0,0,-0.994542974079127,0,0,-0.00545702592087312
"88",0,-0.0408766259821552,0,0,0.93048128342246,-0.886766712141883,0,0.00398333710266942,0,0,-0.00682128240109141,0,0,0,0,0
"89",0,0.00136425648021832,0,0,0,0,0,0,0,0,0,0,0,0,-0.00136425648021828,0
"90",0,0,0.0106951871657754,-0.0218281036834925,0,0,0,0,0,0.962566844919786,0,0.0267379679144385,-0.969986357435198,0,0,-0.00818553888130969
"91",0,-0.0026190806224512,0,-0.00136425648021828,0,0,0.0053475935828877,0,-0.00136425648021828,0,0,0,0,0,0,0
"92",0,0,1,-1,0,0,0,0,0,0,0,0,0,0,0,0
"93",0,0.00545702592087316,0,-0.00136425648021828,0,-0.00272851296043656,0,0,0,0,0,0,-0.00136425648021828,0,0,0
"94",0,-0.0383086137840973,0,0,0.987940556354006,-0.953615279672578,0,0.0053475935828877,0,0,-0.00136425648021828,0,0,0,0,0
"95",0,0,0,0,0,0,0,0,0,1,0,0,-1,0,0,0
"96",0,-0.0124388090843431,0.0053475935828877,-0.00272851296043656,0.0106951871657754,-0.0218281036834925,0,0.0307213050171079,-0.00272851296043656,0.0053475935828877,-0.00693071473907683,0,-0.00545702592087312,0,0,0
"97",0,-0.00158312115618913,0.0213903743315508,-0.0122783083219645,0.0267379679144385,0.00103595946626201,0,-0.00272851296043656,-0.00136425648021828,0.909090909090909,0,0.0160427807486631,-0.953615279672578,0,0,-0.00272851296043656
"98",0,0,0,0,0,0,0,0,0,1,0,0,-1,0,0,0
"99",0,0.048296138497567,0.0106951871657754,-0.0259208731241473,0.0106951871657754,-0.0136425648021828,0,0,-0.00409276944065484,0.0053475935828877,-0.00272851296043656,0,-0.0231923601637108,0,-0.00136425648021828,-0.00409276944065484
"100",0,-0.00136425648021828,0,-0.00272851296043656,1,-0.994542974079127,0,0,0,0,0,-0.00136425648021828,0,0,0,0
"101",0,0,0,0,0,0,0,0,0,0,0,0,0,0,0,0
"102",0,-0.00354560775072776,0,-0.00409276944065484,0.0106951871657754,-0.0122783083219645,0,0.0160427807486631,-0.00272851296043656,0,-0.00272851296043656,0,0,0,-0.00136425648021828,0
"103",0,0.0053475935828877,0.0053475935828877,-0.00136425648021828,0.983957219251337,-0.997271487039563,0,0.0053475935828877,0,0,-0.00136425648021828,0,0,0,0,0
"104",0,-0.0159333484106776,0.0053475935828877,0,0.0106951871657754,-0.00272851296043656,0,0.0053475935828877,0,0,-0.00272851296043656,0,0,0,0,0
"105",0,-0.0112788263016977,0.20855614973262,-0.245566166439291,0.0053475935828877,-0.0109140518417462,0.0427807486631016,0.0160427807486631,-0.0177353342428377,0.0213903743315508,-0.00409276944065484,0.0213903743315508,-0.0150068212824011,0,-0.00272851296043656,-0.00818553888130969
"106",0,0.023520657177667,0.0053475935828877,-0.00954979536152797,0.0053475935828877,-0.00954979536152797,0,0.0053475935828877,-0.00272851296043656,0,-0.0122783083219645,-0.00136425648021828,-0.00409276944065484,0,0,0
"107",0,0,0,-0.00136425648021828,0,0,0,0,0,1,0,0,-0.998635743519782,0,0,0
"108",0,-0.0159990078134689,0,-0.00545702592087312,0.754010695187166,-0.753069577080491,0,0.0641711229946524,-0.00136425648021828,0,-0.0395634379263302,0,-0.00136425648021828,0,-0.00136425648021828,0
"109",0,-0.00200625952973277,0.0160427807486631,-0.0136425648021828,0.171122994652406,-0.171896316507503,0,0.0307213050171079,-0.00545702592087312,0.0106951871657754,-0.0178447665808231,-0.00136425648021828,-0.0136425648021828,0,-0.00272851296043656,0
"110",0,-0.0161959860218427,0.0267379679144385,-0.0463847203274216,0.122994652406417,-0.120054570259209,0.0106951871657754,0.0320855614973262,-0.000109432337985424,-0.00136425648021828,-0.00431163411662569,-0.00272851296043656,0,-0.00136425648021828,0,0
"111",0,0.00125482414223286,0.0106951871657754,-0.00682128240109141,0.0213903743315508,-0.0231923601637108,0,-0.00682128240109141,0,0.951871657754011,-0.00272851296043656,0.0106951871657754,-0.949522510231924,0,-0.00136425648021828,-0.00545702592087312
"112",0,0,0.0160427807486631,-0.0122783083219645,0,0,0,0,0,0.978609625668449,-0.00136425648021828,0.0053475935828877,-0.980900409276944,0,-0.00136425648021828,-0.00409276944065484
"113",0,0,0,0,0,0,0,0,0,1,0,0,-1,0,0,0
"114",0,-0.0503169890056978,0,0,0.898395721925134,-0.86493860845839,0,0.0427807486631016,0,0,-0.0231923601637108,-0.00136425648021828,0,0,-0.00136425648021828,0
"115",0,-0.00136425648021828,0.983957219251337,-0.978171896316507,0,-0.00136425648021828,0.0053475935828877,0,0,0.0106951871657754,0,0,-0.0122783083219645,0,0,-0.00682128240109141
"116",0,0.00261908062245114,0.989304812834225,-0.995907230559345,0,0,0.0053475935828877,0,-0.00136425648021828,0,0,0,0,0,0,0
"117",0,0.00704014707706224,0,-0.00409276944065484,0.0053475935828877,-0.00409276944065484,0.0053475935828877,0,0,0,-0.00545702592087312,0,-0.00272851296043656,0,-0.00136425648021828,0
"118",0,0,0,0,1,-1,0,0,0,0,0,0,0,0,0,0
"119",0,0,0,0,1,-1,0,0,0,0,0,0,0,0,0,0
"120",0,-0.00692341924987772,0,-0.00818553888130969,0.0748663101604278,-0.0695770804911323,0,0.0481283422459893,0,0,-0.0422919508867667,0.0053475935828877,-0.00136425648021828,0,0,0
"121",0,0,0,0,0,0,0,0,0,0,0,0,0,0,0,0
"122",0,-0.00655864478992638,0,0,0.786096256684492,-0.788540245566166,0,0.0267379679144385,0,0,-0.0177353342428377,0,0,0,0,0
"123",0,-0.00185305425655313,0,0,0.0213903743315508,-0.0245566166439291,0,0.0213903743315508,0,0,-0.0163710777626194,0,0,0,0,0
"124",0,0,0,0,0,0,0,0,0,1,0,0,-1,0,0,0
"125",0,0,0,0,0.994652406417112,-0.993288149936894,0,0,0,-0.00136425648021828,0,0,0,0,0,0
"126",0,0,0,0,1,-1,0,0,0,0,0,0,0,0,0,0
"127",0,0.00136425648021832,0,0,0,0,0,0,-0.00136425648021828,0,0,0,0,0,0,0
"128",0,0.0105346864033968,0.0160427807486631,-0.0272851296043656,0.0213903743315508,-0.0177353342428377,0.0053475935828877,0.0053475935828877,-0.00545702592087312,0,-0.00818553888130969,0,0,0,0,0
"129",0,0.00540595749647987,0,-0.00272851296043656,0.0320855614973262,-0.0463847203274216,0.0053475935828877,0.0267379679144385,-0.00682128240109141,0,-0.0122783083219645,0,0,-0.00136425648021828,0,0
"130",0,0,1,-1,0,0,0,0,0,0,0,0,0,0,0,0
"131",0,0,0.994652406417112,-1,0,0,0,0,0,0,0,0.0053475935828877,0,0,0,0
"132",0,-0.00534759358288772,0.0053475935828877,0,0,0,0,0,0,0,0,0,0,0,0,0
"133",0,0.00409276944065484,0,-0.00272851296043656,0,0,0,0,-0.00136425648021828,0,0,0,0,0,0,0
"134",0,0.0139708618161392,0,0,0.0106951871657754,-0.0136425648021828,0,-0.00136425648021828,0,0.0053475935828877,-0.0136425648021828,0,-0.00136425648021828,0,0,0
"135",0,0.00818553888130968,0,-0.00136425648021828,0,-0.00272851296043656,0,0,0,0,-0.00409276944065484,0,0,0,0,0
"136",0,0.0606838791575169,0,0,0,-0.00272851296043656,-0.00136425648021828,0.0053475935828877,-0.00136425648021828,0.0213903743315508,0.00398333710266942,0,-0.0682128240109141,0,-0.0163710777626194,-0.00136425648021828
"137",0,0,0,0,0,0,0,0,0,1,0,0,-1,0,0,0
"138",0,-0.0926089398924645,0,-0.00545702592087312,0.923769433359354,-0.811732605729877,0,0.0160427807486631,0,0,-0.0286493860845839,0,0,-0.00136425648021828,0,0
"139",0,0.0124971729979353,0,0,0.0053475935828877,-0.0204638472032742,0,0,0,0,0.00261908062245114,0,0,0,0,0
"140",0,0,0,-0.00136425648021828,0,0,0,0,0,1,0,0,-0.998635743519782,0,0,0
"141",0,0,0,0,0,0,0,0,0,0,0,0,0,0,0,0
"142",0,-0.00136425648021828,0,-0.00272851296043656,1,-0.995907230559345,0,0,0,0,0,0,0,0,0,0
"143",0,-0.00272851296043656,0,0,1,-0.976807639836289,0,0,0,0,0,0,-0.0204638472032742,0,0,0
"144",0,-0.0140802941541245,0,0,0.967914438502674,-0.953615279672578,0,0.0106951871657754,0,0,-0.0109140518417462,0,0,0,0,0
"145",0,0,0,0,1,-1,0,0,0,0,0,0,0,0,0,0
"146",0,0,0,0,1,-1,0,0,0,0,0,0,0,0,0,0
"147",0,-0.00534759358288772,0,0,0,0,0.0053475935828877,0,0,0,0,0,0,0,0,0
"148",0,0.0122783083219645,0,-0.00409276944065484,0,-0.00682128240109141,0,0,0,0,-0.00136425648021828,0,0,0,0,0
"149",0,0,0,0,0,0,0,0,0,1,0,0,-1,0,0,0
"150",0,0.00125482414223286,0,-0.00136425648021828,0,0,0,-0.00136425648021828,0,0.994652406417112,0,0,-0.990450204638472,0,0,-0.00272851296043656
"151",0,0,0,0,0.994652406417112,-0.994652406417112,0,0,0,0,0,0,0,0,0,0
"152",0,0,0,0,1,-1,0,0,0,0,0,0,0,0,0,0
"153",0,-0.0303930080031516,0,-0.00272851296043656,0.0106951871657754,-0.00682128240109141,0.0053475935828877,0.0320855614973262,0,0,-0.00682128240109141,0,0,0,-0.00136425648021828,0
"154",0,0,0,0,1,-1,0,0,0,0,0,0,0,0,0,0
"155",0,0,0,0,1,-1,0,0,0,0,0,0,0,0,0,0
"156",0,-0.00283794529842199,0.0160427807486631,-0.0218281036834925,0.0160427807486631,-0.0109140518417462,0,-0.00147368881820371,0,0.925133689839572,0.0053475935828877,0.0267379679144385,-0.942701227830832,0,-0.00136425648021828,-0.00818553888130969
"157",0,0,0.0053475935828877,-0.0245566166439291,0,0,0,0,0,0.989304812834225,0,0.0053475935828877,-0.972714870395634,0,0,-0.00272851296043656
"158",0,0.00398333710266942,0,0,0,0,0,0,-0.00136425648021828,0.994652406417112,0,0,-0.997271487039563,0,0,0
"159",0,0,0.0053475935828877,-0.00136425648021828,0,-0.00545702592087312,0,-0.00136425648021828,0,0.994652406417112,0,0,-0.990450204638472,0,0,-0.00136425648021828
"160",0,0.120930028963092,0,-0.00818553888130969,0.0267379679144385,-0.133697135061392,0,0.00933093068555712,-0.00409276944065484,0,-0.00829497121929511,-0.00272851296043656,0,0,0,0
"161",0,0,0,-0.0136425648021828,0,-0.00136425648021828,0,0,0,1,0,0,-0.984993178717599,0,0,0
"162",0,-0.00272851296043656,0.941176470588235,-0.959072305593452,0.0106951871657754,-0.00545702592087312,0,0,0,0.0320855614973262,0,0.0146785242684448,-0.0259208731241473,0,0,-0.00545702592087312
"163",0,0,0,0,0,0,0,0,0,0,0,0,0,0,0,0
"164",0,0.0355801008236607,0,0,0.0053475935828877,-0.0272851296043656,0,0,0,0,-0.0136425648021828,0,0,0,0,0
"165",0,0.00965922769951333,0,0,0,-0.00954979536152797,0,0.0053475935828877,0,0,-0.00545702592087312,0,0,0,0,0
"166",0,0,0,0,1,-1,0,0,0,0,0,0,0,0,0,0
"167",0,0,0,0,0,0,0,0,0,1,0,0,-1,0,0,0
"168",0,-0.0138030655645615,0,-0.00136425648021828,0.0213903743315508,-0.0272851296043656,0,0.0213903743315508,0,0,-0.00294737763640741,0.0053475935828877,-0.00272851296043656,0,0,0
"169",0,0,0,0,0,0,0,0,0,0,0,0,0,0,0,0
"170",0,-0.00971759161310562,0,0,0.909090909090909,-0.899045020463847,0,0.0160427807486631,0,0,-0.0163710777626194,0,0,0,0,0
"171",0,-0.0182241320191725,0,0,0.0427807486631016,-0.0177353342428377,0,0,-0.00272851296043656,0,-0.00409276944065484,0,0,0,0,0
"172",0,0,1,-0.969986357435198,0,-0.0231923601637108,0,0,0,0,0,-0.00682128240109141,0,0,0,0
"173",0,0.00136425648021832,0,0,0,0,0,0,0,0,0,0,0,0,-0.00136425648021828,0
"174",0,-0.0123366722355568,0,0,0.903743315508021,-0.90450204638472,0,0.0267379679144385,0,0,-0.0136425648021828,0,0,0,0,0
"175",0,0,0,0,0,0,0,0,0,1,0,0,-0.998635743519782,0,0,-0.00136425648021828
"176",0,-0.00534759358288772,0,0,0,0,0,0,0,0,0.0053475935828877,0,0,0,0,0
"177",0,0,0,-0.00136425648021828,0,0,0,0,0,1,0,0,-0.998635743519782,0,0,0
"178",0,0,0,0,1,-1,0,0,0,0,0,0,0,0,0,0
"179",0,0,0,0,0,0,0,0,0,0,0,0,0,0,0,0
"180",0,-0.00965922769951339,0,-0.00556645825885855,0.0481283422459893,-0.0395634379263302,0,-0.00954979536152797,0,0.935828877005348,-0.00136425648021828,0.0053475935828877,-0.918144611186903,0,-0.00409276944065484,-0.00136425648021828
"181",0,-0.00409276944065484,0.983957219251337,-0.965893587994543,0.0160427807486631,-0.0259208731241473,0,0,0,0,-0.00136425648021828,-0.00272851296043656,0,0,0,0
"182",0,0.00136425648021832,0,0,0,0,0,0,0,0,-0.00136425648021828,0,0,0,0,0
"183",0,0.00561752668325174,0,-0.00954979536152797,0.914438502673797,-0.907230559345157,0,0.0267379679144385,-0.00136425648021828,0,-0.0150068212824011,-0.00272851296043656,-0.0109140518417462,0,0,0
"184",0,0.0575322278235367,0,0,0.219251336898396,-0.285129604365621,0,0.0588235294117647,0,0,-0.0504774897680764,0,0,0,0,0
"185",0,0,0,-0.00272851296043656,0,0,0,0,0,1,0,0,-0.997271487039563,0,0,0
"186",0,-0.00376447242669853,0.0053475935828877,0,0.0053475935828877,-0.0122783083219645,0.0053475935828877,0,0,0,0,0,0,0,0,0
"187",0,-0.00589475527281482,0.880988684696252,-0.879945429740791,0.0320855614973262,-0.0355801008236607,0.0053475935828877,-0.00136425648021828,0.00660241772512056,0.0267379679144385,0.00398333710266942,0.00523816124490228,-0.0300136425648022,0,0,-0.00818553888130969
"188",0,0.0209526449796091,0.6524064171123,-0.784447476125512,0.0053475935828877,-0.0150068212824011,0.0160427807486631,0.0053475935828877,0.00250964828446571,0.203208556149733,0,0.0641711229946524,-0.136425648021828,0,0,-0.034106412005457
"189",0,0.0029984460608006,0.780748663101604,-0.783083219645293,0.0053475935828877,0.00398333710266942,0.0267379679144385,-0.00136425648021828,-0.0122783083219645,0.0802139037433155,0,0.0481283422459893,-0.121418826739427,0,-0.00136425648021828,-0.0286493860845839
"190",0,-0.0129203113714791,0.0106951871657754,-0.0109140518417462,0.18716577540107,-0.18281036834925,0.0053475935828877,0.0267379679144385,-0.00136425648021828,0.0053475935828877,-0.0259208731241473,0,0,0,-0.00136425648021828,0
"191",0,0,0,0,0,0,0,0,0,1,0,0,-1,0,0,0
"192",0,0.00305680997439284,0,-0.00136425648021828,0.0053475935828877,-0.0150068212824011,0,0.0106951871657754,0,0,-0.00136425648021828,0,0,0,-0.00136425648021828,0
"193",0,0.00398333710266942,0,0,0.989304812834225,-0.998635743519782,0,0.0053475935828877,0,0,0,0,0,0,0,0
"194",0,0.00136425648021832,0,0,0,-0.00136425648021828,0,0,0,0,0,0,0,0,0,0
"195",0,0.0048587958065528,0.0053475935828877,-0.00272851296043656,0.0267379679144385,-0.0218281036834925,0.0053475935828877,0,-0.00409276944065484,0,-0.00818553888130969,0,-0.00409276944065484,0,-0.00136425648021828,0
"196",0,0.00431163411662561,0,-0.00136425648021828,0,0,0,-0.00136425648021828,-0.00136425648021828,0.0053475935828877,0.00398333710266942,0,-0.00818553888130969,0,-0.00136425648021828,0
"197",0,0,0,0,0,0,0,0,0,0.994652406417112,0.0053475935828877,0,-1,0,0,0
"198",0,-0.0126066053359208,0.74331550802139,-0.765347885402456,0,0,0.0053475935828877,0,-0.00954979536152797,0.128342245989305,0,0.106951871657754,-0.156889495225102,0,0,-0.0395634379263302
"199",0,-0.00682128240109141,0,-0.00136425648021828,0,0,0,0,0,1,0,0,-0.990450204638472,0,0,-0.00136425648021828
"200",0,-0.00818553888130969,0,0,0.989304812834225,-0.962019683229859,0,-0.00545702592087312,0,0,-0.00545702592087312,0,-0.00818553888130969,0,0,0
"201",0,0,0.0213903743315508,-0.0600272851296044,0,-0.00272851296043656,0,0,0,0.93048128342246,0,0.0481283422459893,-0.922237380627558,0,-0.00136425648021828,-0.0136425648021828
"202",0,0,0,0,0.994652406417112,-0.994652406417112,0,0,0,0,0,0,0,0,0,0
"203",0,0.00125482414223286,0,0,0.994652406417112,-0.993178717598909,0,0,0,0,-0.00136425648021828,-0.00136425648021828,0,0,0,0
"204",0,0.0495582581289988,0.0160427807486631,-0.0245566166439291,0.0909090909090909,-0.13506139154161,0.0053475935828877,0.0427807486631016,-0.00954979536152797,0,-0.0313778990450205,0,-0.00409276944065484,0,0,0
"205",0,-0.00693071473907683,0.983957219251337,-0.972714870395634,0,0,0,0,0,0.0053475935828877,0,0.0053475935828877,-0.00818553888130969,0,0,-0.00682128240109141
"206",0,0.0122783083219645,0,0,0,-0.0109140518417462,0,0,0,0,-0.00136425648021828,0,0,0,0,0
"207",0,-0.0164805101006048,0.0053475935828877,-0.0272851296043656,0.0053475935828877,-0.00818553888130969,0,0,0,0.962566844919786,0.0053475935828877,0.0160427807486631,-0.926330150068213,0,0,-0.0163710777626194
"208",0,-0.00250964828446576,0,0,0.0106951871657754,-0.00272851296043656,0,0,-0.00136425648021828,0,-0.00409276944065484,0,0,0,0,0
"209",0,0.000766026365897954,0,-0.00682128240109141,0.0320855614973262,-0.0259208731241473,0,0.0053475935828877,0,0,-0.00545702592087312,0,0,0,0,0
"210",0,-0.0226962668981769,0,0,0.053475935828877,-0.053206002728513,0,0.0374331550802139,0,0,-0.0136425648021828,0,-0.00136425648021828,0,0,0
"211",0,-0.0394029371639515,0,-0.00136425648021828,0.909090909090909,-0.875852660300136,0,0.0320855614973262,0,0,-0.0231923601637108,-0.00136425648021828,0,0,0,0
"212",0,0,0.893048128342246,-0.739427012278308,0,0,0,0,-0.00136425648021828,0.101604278074866,0,0.0053475935828877,-0.219645293315143,0,0,-0.0395634379263302
"213",0,-0.00693071473907683,0.0267379679144385,-0.0231923601637108,0,-0.00545702592087312,0,-0.00272851296043656,0,0.967914438502674,0,0,-0.946793997271487,0,0,-0.00954979536152797
"214",0,-0.0165826469493913,0,-0.0163710777626194,0.0748663101604278,-0.0723055934515689,0.00398333710266942,0.0374331550802139,-0.00272851296043656,0.0053475935828877,-0.00954979536152797,0,-0.00272851296043656,0,-0.00136425648021828,0
"215",0,0.00114539180424743,0.0320855614973262,-0.0177353342428377,0,-0.00409276944065484,0,0,0,0.935828877005348,0.0053475935828877,0.0160427807486631,-0.948158253751705,0,-0.00136425648021828,-0.0190995907230559
"216",0,0.0126066053359208,0,-0.00545702592087312,0,-0.0109140518417462,0,0.0106951871657754,-0.00272851296043656,0,-0.000109432337985424,0,-0.00272851296043656,0,-0.00136425648021828,0
"217",0,-0.0481867061595815,0,0,0.978609625668449,-0.90450204638472,0,-0.00136425648021828,0,0,-0.0109140518417462,0,-0.0136425648021828,0,0,0
"218",0,0,0.0053475935828877,-0.0177353342428377,0.994652406417112,-0.979536152796726,0,0,0,0,0,-0.00272851296043656,0,0,0,0
"219",0,-0.000109432337985424,0.0053475935828877,-0.00409276944065484,0.0053475935828877,-0.00272851296043656,0,0,-0.00136425648021828,0.978609625668449,0,0.0053475935828877,-0.979536152796726,0,-0.00136425648021828,-0.00545702592087312
"220",0,0.00393226867827623,0.0106951871657754,-0.00409276944065484,0.0106951871657754,-0.00136425648021828,0,0,-0.00818553888130969,0.0267379679144385,0.00660241772512056,0,-0.0354706684856753,0,-0.00954979536152797,0
"221",0,-0.00136425648021828,1,-0.995907230559345,0,0,0,0,0,0,-0.00272851296043656,0,0,0,0,0
"222",0,0.00567589059684392,0,-0.00272851296043656,0,-0.00545702592087312,0.0053475935828877,0,0,0.0053475935828877,-0.00272851296043656,0,-0.00409276944065484,0,-0.00136425648021828,0
"223",0,0.00398333710266942,0,0,0.989304812834225,-0.994542974079127,0,0.0053475935828877,0,0,-0.00409276944065484,0,0,0,0,0
"224",0,0,0,0,0,0,0,0,0,1,0,0,-1,0,0,0
"225",0,-0.0535780726776633,0.0106951871657754,-0.00545702592087312,0.0374331550802139,-0.0791268758526603,0,0.110935208760423,-0.00409276944065484,0.0106951871657754,-0.0234112248396816,0,-0.00409276944065484,0,0,0
"226",0,0,0.0053475935828877,-0.00954979536152797,0,-0.0109140518417462,0,-0.00272851296043656,0,0.983957219251337,0,0.0106951871657754,-0.969986357435198,0,0,-0.00682128240109141
"227",0,-0.00136425648021828,0,0,0,0,0,0,0,1,0,0,-0.998635743519782,0,0,0
"228",0,0.0058947552728148,0,0,0.0053475935828877,-0.0136425648021828,0,0.0106951871657754,0,0,-0.00829497121929511,0,0,0,0,0
"229",0,-0.039796893580699,0,0,0.6524064171123,-0.626193724420191,0,0.0681544600973218,0,0,-0.0545702592087312,0,0,0,0,0
"230",0,0,0,0,0,0,0,0,0,1,0,0,-1,0,0,0
"231",0,0.00147368881820364,0,0,0.0053475935828877,-0.00272851296043656,0,0,0,0,-0.00409276944065484,0,0,0,0,0
"232",0,0,0,0,1,-1,0,0,0,0,0,0,0,0,0,0
"233",0,0,0,0,1,-1,0,0,0,0,0,0,0,0,0,0
"234",0,0.00305680997439284,0,0,0.0053475935828877,-0.0150068212824011,0,0.0106951871657754,0,0,-0.00272851296043656,0,-0.00136425648021828,0,0,0
"235",0,0,1,-0.986357435197817,0,-0.0109140518417462,0,0,0,0,0,-0.00136425648021828,-0.00136425648021828,0,0,0
"236",0,-0.00409276944065484,1,-0.994542974079127,0,0,0,0,-0.00136425648021828,0,0,0,0,0,0,0
"237",0,-0.00283794529842199,0.0267379679144385,-0.0450204638472033,0,0,0,-0.00272851296043656,0,0.946524064171123,0.00398333710266942,0.0160427807486631,-0.931787175989086,0,0,-0.0109140518417462
"238",0,0,0,0,0,0,0,0,0,0,0,0,0,0,0,0
"239",0,0,1,-1,0,0,0,0,0,0,0,0,0,0,0,0
"240",0,0.008513835895266,0,-0.00682128240109141,0,-0.00818553888130969,0,0.0106951871657754,-0.00409276944065484,0,0.00261908062245114,0,-0.00272851296043656,0,0,0
"241",0,0,1,-1,0,0,0,0,0,0,0,0,0,0,0,0
"242",0,0,1,-1,0,0,0,0,0,0,0,0,0,0,0,0
"243",0,-0.000109432337985424,0.0053475935828877,-0.00682128240109141,0,-0.00682128240109141,0,-0.0122783083219645,0,0.973262032085562,0,0.0160427807486631,-0.961800818553888,0,-0.00136425648021828,-0.00545702592087312
"244",0,-0.0327421555252387,0,-0.00136425648021828,0.962566844919786,-0.931896608327071,0,0.0133142677882265,0.0053475935828877,0.0106951871657754,-0.0109140518417462,0,-0.0150068212824011,0,0,0
"245",0,0,0.0320855614973262,-0.197817189631651,0,-0.00136425648021828,0,0,0,0.957219251336898,0,0.0106951871657754,-0.78581173260573,0,0,-0.0150068212824011
"246",0,0.00398333710266942,0.983957219251337,-0.974079126875853,0,-0.00136425648021828,0,0,0,0,0,0.00933093068555712,-0.00954979536152797,0,0,-0.0122783083219645
"247",0,0.00409276944065484,0,0,0,-0.00409276944065484,0,0,0,0,0,0,0,0,0,0
"248",0,0.00272851296043652,0,0,0,-0.00272851296043656,0,0,0,0,0,0,0,0,0,0
"249",0,0,0.978609625668449,-0.974079126875853,0,0,0,0,0,0.0213903743315508,0,0,-0.0204638472032742,0,0,-0.00545702592087312
"250",0,0.0537531644184401,0,0,0.0267379679144385,-0.0682128240109141,0,0,0,0,-0.00954979536152797,0,-0.00272851296043656,0,0,0
"251",0,0,0,0,0,-0.00136425648021828,0,0,0,1,0,0,-0.998635743519782,0,0,0
"252",0,0.00545702592087316,0,-0.00136425648021828,0,0,0,0,0,0,0,0,-0.00136425648021828,0,-0.00272851296043656,0
"253",0,0.00474936346856736,0,0,0,-0.0218281036834925,0,0.0320855614973262,0,0,-0.0150068212824011,0,0,0,0,0
"254",0,0,0,0,0,0,0,0,0,1,0,0,-1,0,0,0
"255",0,-0.00272851296043656,0,0,0,0.0053475935828877,0,0,0,0.994652406417112,0,0,-0.997271487039563,0,0,0
"256",0,0,0,0,1,-1,0,0,0,0,0,0,0,0,0,0
"257",0,0,0,0,1,-1,0,0,0,0,0,0,0,0,0,0
"258",0,0.0300136425648022,0,-0.00409276944065484,0,-0.0122783083219645,0,0,-0.00682128240109141,0,-0.00272851296043656,0,-0.00272851296043656,0,0,-0.00136425648021828
"259",0,-0.00250964828446576,0.0106951871657754,-0.00682128240109141,0,0,0,0,-0.00136425648021828,0,0,0,0,0,0,0
"260",0,0,0,0,1,-1,0,0,0,0,0,0,0,0,0,0
"261",0,0.0131537670258479,0,0,0.0160427807486631,-0.0300136425648022,0,0.0267379679144385,0,0,-0.0259208731241473,0,0,0,0,0
"262",0,0.0258698046997541,0,0,0.053475935828877,-0.0750341064120055,0,0.00933093068555712,0,0,-0.0136425648021828,0,0,0,0,0
"263",0,0.0245566166439291,0,-0.00136425648021828,0,-0.0204638472032742,0,0,0,0,-0.00272851296043656,0,0,0,0,0
"264",0,0,0.0374331550802139,-0.0354706684856753,0,0,0,0,0,0.935828877005348,0,0.0267379679144385,-0.956343792633015,0,0,-0.00818553888130969
"265",0,-0.0111329165177171,0.914438502673797,-0.894952251023192,0.0053475935828877,-0.0136425648021828,0,0,-0.00409276944065484,0.0695187165775401,0,-0.00272851296043656,-0.0518417462482947,0,0,-0.0109140518417462
"266",0,0,0,0,0,0,0,0,0,1,0,0,-1,0,0,0
"267",0,-0.00851383589526596,0.0053475935828877,0,0.967914438502674,-0.957708049113233,0,0.0106951871657754,-0.00136425648021828,0,-0.0150068212824011,0,0,0,-0.00136425648021828,0
"268",0,-0.107674125088458,0,-0.00682128240109141,0,0,0,0,-0.00136425648021828,0.850267379679144,0.0160427807486631,0.0053475935828877,-0.725784447476125,0,-0.0286493860845839,-0.00136425648021828
"269",0,0,0,0,0,0,0,0,0,0.994652406417112,0,0.0053475935828877,-1,0,0,0
"270",0,-0.00545702592087312,0,0,0.994652406417112,-0.982264665757162,0,0.0053475935828877,0,0,-0.0122783083219645,0,0,0,0,0
"271",0,0.00409276944065484,0,0,0,0,0,0,0,0,0,0,-0.00272851296043656,0,-0.00136425648021828,0
"272",0,0,0.994652406417112,-0.995907230559345,0,-0.00136425648021828,0,0,0.0053475935828877,0,0,-0.00136425648021828,-0.00136425648021828,0,0,0
"273",0,-0.00409276944065484,0.0267379679144385,-0.034106412005457,0,-0.00272851296043656,0,-0.00272851296043656,0,0.973262032085562,0,0,-0.945429740791269,0,-0.00409276944065484,-0.00682128240109141
"274",0,0.0171881725529105,0.962566844919786,-0.983628922237381,0,-0.00545702592087312,0.0106951871657754,0,-0.00136425648021828,0,0,0,0,0,0,0
"275",0,0.0109140518417462,0,0,0,-0.00818553888130969,0,0,0,0,-0.00272851296043656,0,0,0,0,0
"276",0,-0.032034493072933,0,0,0.925133689839572,-0.907230559345157,0,0.0374331550802139,0,0.0053475935828877,-0.0286493860845839,0,0,0,0,0
"277",0,0.10615666333506,0.283422459893048,-0.383356070941337,0,-0.00136425648021828,0.0374331550802139,0,-0.0381991814461119,0,0,0,-0.00272851296043656,0,-0.00136425648021828,0
"278",0,0,0,0,0,0,0,0,0,1,0,0,-1,0,0,0
"279",0,-0.00818553888130969,0,-0.0136425648021828,0,-0.00272851296043656,0,-0.00545702592087312,0,0.993288149936894,0,0.0053475935828877,-0.963165075034106,0,0,-0.00545702592087312
"280",0,0,0,0,1,-1,0,0,0,0,0,0,0,0,0,0
"281",0,0,0,0,1,-1,0,0,0,0,0,0,0,0,0,0
"282",0,0.00229078360849487,0.149732620320856,-0.1268758526603,0.0481283422459893,-0.0546796915467167,-0.00136425648021828,-0.00420220177864027,-0.00136425648021828,0.732620320855615,0,0.0374331550802139,-0.762619372442019,0,-0.00136425648021828,-0.0177353342428377
"283",0,0,0,0,0,-0.00136425648021828,0,0,0,1,0,0,-0.998635743519782,0,0,0
"284",0,0,0,0,1,-0.983628922237381,0,-0.00272851296043656,0,0,0,-0.00136425648021828,-0.0122783083219645,0,0,0
"285",0,0,0.871657754010695,-0.859481582537517,0,0,0,0,0,0.0802139037433155,0,0.0481283422459893,-0.117326057298772,0,0,-0.0231923601637108
"286",0,0,0,0,0,0,0,0,0,0,0,0,0,0,0,0
"287",0,0,1,-1,0,0,0,0,0,0,0,0,0,0,0,0
"288",0,0.00261908062245114,0.0427807486631016,-0.0409276944065484,0,0.0053475935828877,0,0,0,0.93048128342246,0.0053475935828877,0.0106951871657754,-0.944065484311051,0,0,-0.0122783083219645
"289",0,0,0.0267379679144385,-0.0422919508867667,0,0,0,0,0,0.957219251336898,0,0.0160427807486631,-0.95225102319236,0,0,-0.00545702592087312
"290",0,0,0,0,0,0,0,0,0,1,0,0,-1,0,0,0
"291",0,-0.0133142677882265,0,0,0.0053475935828877,0,0,0.0106951871657754,0,0,-0.00136425648021828,0,-0.00136425648021828,0,0,0
"292",0,0,0,0,0,0,0,0,0,0,0,0,0,0,0,0
"293",0,0.00136425648021832,0,0,0,0,0,0,0,0,-0.00136425648021828,0,0,0,0,0
"294",0,-0.00136425648021828,0.0106951871657754,-0.00545702592087312,0,0,0,0,0,0.978609625668449,0,0.0106951871657754,-0.987721691678035,0,0,-0.00545702592087312
"295",-0.00567589059684397,0,0,-0.00136425648021828,0,0,0,0,0,0.989304812834225,0,0,-0.982264665757162,0,0,0
"296",-0.00567589059684397,0,0,0,0,0,0,0,0,0.989304812834225,0,0,-0.983628922237381,0,0,0
"297",-0.00567589059684397,0,0.0320855614973262,-0.0463847203274216,0,0,0,0,0,0.909090909090909,0,0.0481283422459893,-0.923601637107776,0,0,-0.0136425648021828
